,game_id,variable,value,batteridx,round
0,201900016,a1,5,1_first,1
1,201900023,a1,6,1_first,1
2,201900103,a1,5,1_first,1
3,201900112,a1,5,1_first,1
4,201900131,a1,5,1_first,1
5,201900141,a1,6,1_first,1
6,201900142,a1,5,1_first,1
7,201900150,a1,1,1_first,1
8,201900157,a1,7,1_first,1
9,201900161,a1,5,1_first,1
10,201900173,a1,5,1_first,1
11,201900176,a1,1,1_first,1
12,201900177,a1,5,1_first,1
13,201900183,a1,7,1_first,1
14,201900186,a1,7,1_first,1
15,201900197,a1,7,1_first,1
16,201900200,a1,5,1_first,1
17,201900201,a1,4,1_first,1
18,201900203,a1,5,1_first,1
19,201900208,a1,1,1_first,1
20,201900213,a1,2,1_first,1
21,201900235,a1,5,1_first,1
22,201900274,a1,7,1_first,1
23,201900285,a1,6,1_first,1
24,201900286,a1,5,1_first,1
25,201900290,a1,5,1_first,1
26,201900294,a1,7,1_first,1
27,201900303,a1,5,1_first,1
28,201900304,a1,4,1_first,1
29,201900339,a1,5,1_first,1
30,201900345,a1,5,1_first,1
31,201900348,a1,5,1_first,1
32,201900349,a1,4,1_first,1
33,201900352,a1,5,1_first,1
34,201900358,a1,7,1_first,1
35,201900361,a1,1,1_first,1
36,201900375,a1,7,1_first,1
37,201900377,a1,7,1_first,1
38,201900380,a1,2,1_first,1
39,201900425,a1,5,1_first,1
40,201900447,a1,5,1_first,1
41,201900457,a1,5,1_first,1
42,201900459,a1,5,1_first,1
43,201900461,a1,5,1_first,1
44,201900462,a1,5,1_first,1
45,201900468,a1,5,1_first,1
46,201900469,a1,5,1_first,1
47,201900478,a1,5,1_first,1
48,201900492,a1,5,1_first,1
49,201900520,a1,5,1_first,1
50,201900571,a1, ,1_first,1
51,201900574,a1,1,1_first,1
52,201900591,a1,6,1_first,1
53,201900595,a1,1,1_first,1
54,201900632,a1,8,1_first,1
55,201900637,a1,7,1_first,1
56,201900644,a1,7,1_first,1
57,201900683,a1,7,1_first,1
58,201900684,a1, ,1_first,1
59,201900688,a1,5,1_first,1
60,201900691,a1,5,1_first,1
61,201900695,a1,7,1_first,1
62,201900710,a1,5,1_first,1
63,201900712,a1,5,1_first,1
64,201900719,a1,1,1_first,1
65,201900759,a1,2,1_first,1
66,201900788,a1,5,1_first,1
67,201900810,a1,1,1_first,1
68,201900814,a1,5,1_first,1
69,201900815,a1,7,1_first,1
70,201900817,a1,5,1_first,1
71,201900818,a1,5,1_first,1
72,201900828,a1,5,1_first,1
73,201900839,a1,5,1_first,1
74,201900843,a1,5,1_first,1
75,201900844,a1,7,1_first,1
76,201900852,a1,7,1_first,1
77,201900872,a1,5,1_first,1
78,201900938,a1,5,1_first,1
79,201900987,a1,2,1_first,1
80,201900998,a1,6,1_first,1
81,201901026,a1,5,1_first,1
82,201901027,a1,5,1_first,1
83,201901030,a1,2,1_first,1
84,201901041,a1,5,1_first,1
85,201901080,a1,5,1_first,1
86,201901082,a1,1,1_first,1
87,201901083,a1, ,1_first,1
88,201901092,a1,1,1_first,1
89,201901095,a1,5,1_first,1
90,201901133,a1,5,1_first,1
91,201901154,a1,1,1_first,1
92,201901162,a1,7,1_first,1
93,201901173,a1,4,1_first,1
94,201901184,a1,1,1_first,1
95,201901186,a1,7,1_first,1
96,201901198,a1,5,1_first,1
97,201901206,a1,6,1_first,1
98,201901222,a1,6,1_first,1
99,201901246,a1,5,1_first,1
100,201901256,a1,5,1_first,1
101,201901273,a1,7,1_first,1
102,201901307,a1,7,1_first,1
103,201901310,a1, ,1_first,1
104,201901324,a1, ,1_first,1
105,201901331,a1,5,1_first,1
106,201901338,a1,1,1_first,1
107,201901376,a1,5,1_first,1
108,201901388,a1,5,1_first,1
109,201901394,a1, ,1_first,1
110,201901398,a1,4,1_first,1
111,201901441,a1,1,1_first,1
112,201901451,a1,1,1_first,1
113,201901457,a1,1,1_first,1
114,201901471,a1,7,1_first,1
115,201901475,a1,4,1_first,1
116,201901491,a1,5,1_first,1
117,201901498,a1,7,1_first,1
118,201901504,a1,5,1_first,1
119,201901505,a1,5,1_first,1
120,201901511,a1,4,1_first,1
121,201901512,a1,1,1_first,1
122,201901521,a1, ,1_first,1
123,201901522,a1,5,1_first,1
124,201901526,a1,5,1_first,1
125,201901539,a1,8,1_first,1
126,201901542,a1,1,1_first,1
127,201901546,a1,5,1_first,1
128,201901560,a1,7,1_first,1
129,201901569,a1, ,1_first,1
130,201901570,a1,5,1_first,1
131,201901579,a1,6,1_first,1
132,201901615,a1,7,1_first,1
133,201901617,a1,2,1_first,1
134,201901650,a1,1,1_first,1
135,201901659,a1,5,1_first,1
136,201901681,a1,1,1_first,1
137,201901688,a1, ,1_first,1
138,201901701,a1,5,1_first,1
139,201901707,a1,7,1_first,1
140,201901711,a1,7,1_first,1
141,201901721,a1,2,1_first,1
142,201901745,a1,7,1_first,1
143,201901746,a1,5,1_first,1
144,201901788,a1,5,1_first,1
145,201901813,a1,5,1_first,1
146,201901819,a1,5,1_first,1
147,201901842,a1,5,1_first,1
148,201901857,a1,6,1_first,1
149,201901858,a1,1,1_first,1
150,201901871,a1,5,1_first,1
151,201901872,a1,1,1_first,1
152,201901888,a1,5,1_first,1
153,201901889,a1,1,1_first,1
154,201901909,a1,7,1_first,1
155,201901916,a1,2,1_first,1
156,201901917,a1,5,1_first,1
157,201901921,a1,1,1_first,1
158,201901926,a1,5,1_first,1
159,201901936,a1,5,1_first,1
160,201901943,a1,1,1_first,1
161,201901958,a1,5,1_first,1
162,201901959,a1,5,1_first,1
163,201901961,a1,5,1_first,1
164,201901964,a1,5,1_first,1
165,201901968,a1,7,1_first,1
166,201901982,a1,1,1_first,1
167,201901985,a1,1,1_first,1
168,201901993,a1,5,1_first,1
169,201902030,a1,4,1_first,1
170,201902047,a1,4,1_first,1
171,201902054,a1,5,1_first,1
172,201902071,a1,7,1_first,1
173,201902081,a1,5,1_first,1
174,201902093,a1, ,1_first,1
175,201902097,a1,5,1_first,1
176,201902101,a1,1,1_first,1
177,201902131,a1,5,1_first,1
178,201902138,a1,5,1_first,1
179,201902160,a1,7,1_first,1
180,201902175,a1,4,1_first,1
181,201902176,a1,5,1_first,1
182,201902180,a1,5,1_first,1
183,201902186,a1, ,1_first,1
184,201902187,a1,5,1_first,1
185,201902205,a1,5,1_first,1
186,201902211,a1,5,1_first,1
187,201902250,a1,1,1_first,1
188,201902253,a1,7,1_first,1
189,201902270,a1,7,1_first,1
190,201902271,a1,5,1_first,1
191,201902288,a1,7,1_first,1
192,201902301,a1,5,1_first,1
193,201902307,a1,5,1_first,1
194,201902327,a1,5,1_first,1
195,201902346,a1,7,1_first,1
196,201902365,a1,2,1_first,1
197,201902373,a1, ,1_first,1
198,201902392,a1,6,1_first,1
199,201902394,a1,2,1_first,1
200,201900016,a1,5,2_second,1
201,201900023,a1,4,2_second,1
202,201900103,a1,6,2_second,1
203,201900112,a1,7,2_second,1
204,201900131,a1,1,2_second,1
205,201900141,a1,5,2_second,1
206,201900142,a1,6,2_second,1
207,201900150,a1,6,2_second,1
208,201900157,a1,1,2_second,1
209,201900161,a1,5,2_second,1
210,201900173,a1,5,2_second,1
211,201900176,a1,4,2_second,1
212,201900177,a1,5,2_second,1
213,201900183,a1,7,2_second,1
214,201900186,a1,5,2_second,1
215,201900197,a1,7,2_second,1
216,201900200,a1,5,2_second,1
217,201900201,a1,5,2_second,1
218,201900203,a1,2,2_second,1
219,201900208,a1,7,2_second,1
220,201900213,a1,5,2_second,1
221,201900235,a1,1,2_second,1
222,201900274,a1,5,2_second,1
223,201900285,a1,5,2_second,1
224,201900286,a1,5,2_second,1
225,201900290,a1,5,2_second,1
226,201900294,a1,6,2_second,1
227,201900303,a1,5,2_second,1
228,201900304,a1,7,2_second,1
229,201900339,a1,5,2_second,1
230,201900345,a1,5,2_second,1
231,201900348,a1,3,2_second,1
232,201900349,a1,7,2_second,1
233,201900352,a1,7,2_second,1
234,201900358,a1,2,2_second,1
235,201900361,a1,1,2_second,1
236,201900375,a1,7,2_second,1
237,201900377,a1,4,2_second,1
238,201900380,a1,5,2_second,1
239,201900425,a1,5,2_second,1
240,201900447,a1,5,2_second,1
241,201900457,a1,5,2_second,1
242,201900459,a1,1,2_second,1
243,201900461,a1,5,2_second,1
244,201900462,a1,5,2_second,1
245,201900468,a1,7,2_second,1
246,201900469,a1,7,2_second,1
247,201900478,a1,5,2_second,1
248,201900492,a1,5,2_second,1
249,201900520,a1,5,2_second,1
250,201900571,a1,5,2_second,1
251,201900574,a1,5,2_second,1
252,201900591,a1,7,2_second,1
253,201900595,a1,5,2_second,1
254,201900632,a1,4,2_second,1
255,201900637,a1,5,2_second,1
256,201900644,a1,5,2_second,1
257,201900683,a1,7,2_second,1
258,201900684,a1,9,2_second,1
259,201900688,a1,5,2_second,1
260,201900691,a1,5,2_second,1
261,201900695,a1,5,2_second,1
262,201900710,a1,2,2_second,1
263,201900712,a1,7,2_second,1
264,201900719,a1,5,2_second,1
265,201900759,a1,5,2_second,1
266,201900788,a1,1,2_second,1
267,201900810,a1,9,2_second,1
268,201900814,a1,1,2_second,1
269,201900815,a1,5,2_second,1
270,201900817,a1,1,2_second,1
271,201900818,a1,6,2_second,1
272,201900828,a1,1,2_second,1
273,201900839,a1,5,2_second,1
274,201900843,a1,2,2_second,1
275,201900844,a1,6,2_second,1
276,201900852,a1,5,2_second,1
277,201900872,a1,5,2_second,1
278,201900938,a1,5,2_second,1
279,201900987,a1,5,2_second,1
280,201900998,a1,6,2_second,1
281,201901026,a1,5,2_second,1
282,201901027,a1,1,2_second,1
283,201901030,a1,7,2_second,1
284,201901041,a1,6,2_second,1
285,201901080,a1,6,2_second,1
286,201901082,a1,1,2_second,1
287,201901083,a1,1,2_second,1
288,201901092,a1,9,2_second,1
289,201901095,a1,1,2_second,1
290,201901133,a1,5,2_second,1
291,201901154,a1,5,2_second,1
292,201901162,a1,7,2_second,1
293,201901173,a1,5,2_second,1
294,201901184,a1,8,2_second,1
295,201901186,a1,7,2_second,1
296,201901198,a1,5,2_second,1
297,201901206,a1,5,2_second,1
298,201901222,a1,2,2_second,1
299,201901246,a1,2,2_second,1
300,201901256,a1,5,2_second,1
301,201901273,a1,5,2_second,1
302,201901307,a1,6,2_second,1
303,201901310,a1,4,2_second,1
304,201901324,a1,5,2_second,1
305,201901331,a1,5,2_second,1
306,201901338,a1,5,2_second,1
307,201901376,a1,7,2_second,1
308,201901388,a1,5,2_second,1
309,201901394,a1,5,2_second,1
310,201901398,a1,1,2_second,1
311,201901441,a1,7,2_second,1
312,201901451,a1,7,2_second,1
313,201901457,a1,5,2_second,1
314,201901471,a1,5,2_second,1
315,201901475,a1,7,2_second,1
316,201901491,a1,7,2_second,1
317,201901498,a1,7,2_second,1
318,201901504,a1,5,2_second,1
319,201901505,a1,5,2_second,1
320,201901511,a1,1,2_second,1
321,201901512,a1,5,2_second,1
322,201901521,a1,5,2_second,1
323,201901522,a1,7,2_second,1
324,201901526,a1,7,2_second,1
325,201901539,a1,5,2_second,1
326,201901542,a1,9,2_second,1
327,201901546,a1,5,2_second,1
328,201901560,a1,5,2_second,1
329,201901569,a1,5,2_second,1
330,201901570,a1,5,2_second,1
331,201901579,a1,7,2_second,1
332,201901615,a1,1,2_second,1
333,201901617,a1,5,2_second,1
334,201901650,a1,6,2_second,1
335,201901659,a1,5,2_second,1
336,201901681,a1,6,2_second,1
337,201901688,a1,5,2_second,1
338,201901701,a1,4,2_second,1
339,201901707,a1,7,2_second,1
340,201901711,a1,2,2_second,1
341,201901721,a1,7,2_second,1
342,201901745,a1,5,2_second,1
343,201901746,a1,7,2_second,1
344,201901788,a1,6,2_second,1
345,201901813,a1,7,2_second,1
346,201901819,a1,5,2_second,1
347,201901842,a1,1,2_second,1
348,201901857,a1,7,2_second,1
349,201901858,a1,3,2_second,1
350,201901871,a1,4,2_second,1
351,201901872,a1,4,2_second,1
352,201901888,a1,7,2_second,1
353,201901889,a1,5,2_second,1
354,201901909,a1,5,2_second,1
355,201901916,a1,1,2_second,1
356,201901917,a1,7,2_second,1
357,201901921,a1,7,2_second,1
358,201901926,a1,4,2_second,1
359,201901936,a1,5,2_second,1
360,201901943,a1,5,2_second,1
361,201901958,a1,2,2_second,1
362,201901959,a1,7,2_second,1
363,201901961,a1,7,2_second,1
364,201901964,a1,2,2_second,1
365,201901968,a1,6,2_second,1
366,201901982,a1,5,2_second,1
367,201901985,a1,7,2_second,1
368,201901993,a1,5,2_second,1
369,201902030,a1,1,2_second,1
370,201902047,a1,2,2_second,1
371,201902054,a1,7,2_second,1
372,201902071,a1,2,2_second,1
373,201902081,a1,5,2_second,1
374,201902093,a1,1,2_second,1
375,201902097,a1,5,2_second,1
376,201902101,a1,5,2_second,1
377,201902131,a1,5,2_second,1
378,201902138,a1,7,2_second,1
379,201902160,a1,1,2_second,1
380,201902175,a1,6,2_second,1
381,201902176,a1,7,2_second,1
382,201902180,a1,2,2_second,1
383,201902186,a1,4,2_second,1
384,201902187,a1,5,2_second,1
385,201902205,a1,5,2_second,1
386,201902211,a1,5,2_second,1
387,201902250,a1,2,2_second,1
388,201902253,a1,5,2_second,1
389,201902270,a1,5,2_second,1
390,201902271,a1,5,2_second,1
391,201902288,a1,7,2_second,1
392,201902301,a1,5,2_second,1
393,201902307,a1,7,2_second,1
394,201902327,a1,2,2_second,1
395,201902346,a1,5,2_second,1
396,201902365,a1,5,2_second,1
397,201902373,a1,7,2_second,1
398,201902392,a1,5,2_second,1
399,201902394,a1,4,2_second,1
400,201900016,a2,5,1_first,2
401,201900023,a2,5,1_first,2
402,201900103,a2,5,1_first,2
403,201900112,a2,6,1_first,2
404,201900131,a2,2,1_first,2
405,201900141,a2,6,1_first,2
406,201900142,a2,5,1_first,2
407,201900150,a2,2,1_first,2
408,201900157,a2,4,1_first,2
409,201900161,a2,7,1_first,2
410,201900173,a2,5,1_first,2
411,201900176,a2,7,1_first,2
412,201900177,a2,5,1_first,2
413,201900183,a2,6,1_first,2
414,201900186,a2,7,1_first,2
415,201900197,a2,7,1_first,2
416,201900200,a2,7,1_first,2
417,201900201,a2,1,1_first,2
418,201900203,a2,5,1_first,2
419,201900208,a2,5,1_first,2
420,201900213,a2,2,1_first,2
421,201900235,a2,1,1_first,2
422,201900274,a2,1,1_first,2
423,201900285,a2,1,1_first,2
424,201900286,a2,1,1_first,2
425,201900290,a2,2,1_first,2
426,201900294,a2,7,1_first,2
427,201900303,a2,5,1_first,2
428,201900304,a2,5,1_first,2
429,201900339,a2,5,1_first,2
430,201900345,a2,7,1_first,2
431,201900348,a2,4,1_first,2
432,201900349,a2,6,1_first,2
433,201900352,a2,6,1_first,2
434,201900358,a2,5,1_first,2
435,201900361,a2,2,1_first,2
436,201900375,a2,7,1_first,2
437,201900377,a2,7,1_first,2
438,201900380,a2,5,1_first,2
439,201900425,a2,4,1_first,2
440,201900447,a2,5,1_first,2
441,201900457,a2,5,1_first,2
442,201900459,a2,1,1_first,2
443,201900461,a2,6,1_first,2
444,201900462,a2,5,1_first,2
445,201900468,a2,5,1_first,2
446,201900469,a2,5,1_first,2
447,201900478,a2,1,1_first,2
448,201900492,a2,2,1_first,2
449,201900520,a2,5,1_first,2
450,201900571,a2,5,1_first,2
451,201900574,a2,5,1_first,2
452,201900591,a2,7,1_first,2
453,201900595,a2,5,1_first,2
454,201900632,a2,5,1_first,2
455,201900637,a2,1,1_first,2
456,201900644,a2,7,1_first,2
457,201900683,a2,5,1_first,2
458,201900684,a2,5,1_first,2
459,201900688,a2,5,1_first,2
460,201900691,a2,5,1_first,2
461,201900695,a2,4,1_first,2
462,201900710,a2,5,1_first,2
463,201900712,a2,4,1_first,2
464,201900719,a2,1,1_first,2
465,201900759,a2,5,1_first,2
466,201900788,a2,1,1_first,2
467,201900810,a2,5,1_first,2
468,201900814,a2,2,1_first,2
469,201900815,a2,5,1_first,2
470,201900817,a2,1,1_first,2
471,201900818,a2,7,1_first,2
472,201900828,a2,7,1_first,2
473,201900839,a2,1,1_first,2
474,201900843,a2,5,1_first,2
475,201900844,a2,6,1_first,2
476,201900852,a2,5,1_first,2
477,201900872,a2,6,1_first,2
478,201900938,a2,7,1_first,2
479,201900987,a2,7,1_first,2
480,201900998,a2,5,1_first,2
481,201901026,a2,5,1_first,2
482,201901027,a2,5,1_first,2
483,201901030,a2,5,1_first,2
484,201901041,a2,5,1_first,2
485,201901080,a2,5,1_first,2
486,201901082,a2,2,1_first,2
487,201901083,a2,7,1_first,2
488,201901092,a2,7,1_first,2
489,201901095,a2,7,1_first,2
490,201901133,a2,5,1_first,2
491,201901154,a2,1,1_first,2
492,201901162,a2,5,1_first,2
493,201901173,a2,7,1_first,2
494,201901184,a2,5,1_first,2
495,201901186,a2,5,1_first,2
496,201901198,a2,1,1_first,2
497,201901206,a2,4,1_first,2
498,201901222,a2,5,1_first,2
499,201901246,a2,5,1_first,2
500,201901256,a2,5,1_first,2
501,201901273,a2,1,1_first,2
502,201901307,a2,5,1_first,2
503,201901310,a2,7,1_first,2
504,201901324,a2,7,1_first,2
505,201901331,a2,7,1_first,2
506,201901338,a2,5,1_first,2
507,201901376,a2,5,1_first,2
508,201901388,a2,1,1_first,2
509,201901394,a2,7,1_first,2
510,201901398,a2,7,1_first,2
511,201901441,a2,5,1_first,2
512,201901451,a2,7,1_first,2
513,201901457,a2,5,1_first,2
514,201901471,a2,1,1_first,2
515,201901475,a2,7,1_first,2
516,201901491,a2,1,1_first,2
517,201901498,a2,4,1_first,2
518,201901504,a2,7,1_first,2
519,201901505,a2,5,1_first,2
520,201901511,a2,1,1_first,2
521,201901512,a2,5,1_first,2
522,201901521,a2,7,1_first,2
523,201901522,a2,2,1_first,2
524,201901526,a2,5,1_first,2
525,201901539,a2,7,1_first,2
526,201901542,a2,5,1_first,2
527,201901546,a2,7,1_first,2
528,201901560,a2,5,1_first,2
529,201901569,a2,7,1_first,2
530,201901570,a2,5,1_first,2
531,201901579,a2,6,1_first,2
532,201901615,a2,7,1_first,2
533,201901617,a2,7,1_first,2
534,201901650,a2,5,1_first,2
535,201901659,a2,1,1_first,2
536,201901681,a2,4,1_first,2
537,201901688,a2,5,1_first,2
538,201901701,a2,5,1_first,2
539,201901707,a2,7,1_first,2
540,201901711,a2,7,1_first,2
541,201901721,a2,5,1_first,2
542,201901745,a2,1,1_first,2
543,201901746,a2,5,1_first,2
544,201901788,a2,5,1_first,2
545,201901813,a2,5,1_first,2
546,201901819,a2,1,1_first,2
547,201901842,a2,6,1_first,2
548,201901857,a2,7,1_first,2
549,201901858,a2,5,1_first,2
550,201901871,a2,6,1_first,2
551,201901872,a2,5,1_first,2
552,201901888,a2,5,1_first,2
553,201901889,a2,7,1_first,2
554,201901909,a2,5,1_first,2
555,201901916,a2,6,1_first,2
556,201901917,a2,4,1_first,2
557,201901921,a2,5,1_first,2
558,201901926,a2,5,1_first,2
559,201901936,a2,5,1_first,2
560,201901943,a2,5,1_first,2
561,201901958,a2,1,1_first,2
562,201901959,a2,1,1_first,2
563,201901961,a2,4,1_first,2
564,201901964,a2, :,1_first,2
565,201901968,a2,5,1_first,2
566,201901982,a2,5,1_first,2
567,201901985,a2,4,1_first,2
568,201901993,a2,5,1_first,2
569,201902030,a2,1,1_first,2
570,201902047,a2,7,1_first,2
571,201902054,a2,1,1_first,2
572,201902071,a2,5,1_first,2
573,201902081,a2,1,1_first,2
574,201902093,a2,7,1_first,2
575,201902097,a2,7,1_first,2
576,201902101,a2,5,1_first,2
577,201902131,a2,6,1_first,2
578,201902138,a2, :,1_first,2
579,201902160,a2,5,1_first,2
580,201902175,a2,5,1_first,2
581,201902176,a2,7,1_first,2
582,201902180,a2,7,1_first,2
583,201902186,a2,1,1_first,2
584,201902187,a2,1,1_first,2
585,201902205,a2,7,1_first,2
586,201902211,a2,5,1_first,2
587,201902250,a2,5,1_first,2
588,201902253,a2,5,1_first,2
589,201902270,a2,7,1_first,2
590,201902271,a2,5,1_first,2
591,201902288,a2,6,1_first,2
592,201902301,a2,7,1_first,2
593,201902307,a2,5,1_first,2
594,201902327,a2,5,1_first,2
595,201902346,a2,7,1_first,2
596,201902365,a2,1,1_first,2
597,201902373,a2,5,1_first,2
598,201902392,a2,5,1_first,2
599,201902394,a2,7,1_first,2
600,201900016,a2,5,2_second,2
601,201900023,a2,5,2_second,2
602,201900103,a2,5,2_second,2
603,201900112,a2,1,2_second,2
604,201900131,a2,5,2_second,2
605,201900141,a2,5,2_second,2
606,201900142,a2,1,2_second,2
607,201900150,a2,7,2_second,2
608,201900157,a2,6,2_second,2
609,201900161,a2,2,2_second,2
610,201900173,a2,5,2_second,2
611,201900176,a2,5,2_second,2
612,201900177,a2,7,2_second,2
613,201900183,a2,6,2_second,2
614,201900186,a2,6,2_second,2
615,201900197,a2,5,2_second,2
616,201900200,a2,5,2_second,2
617,201900201,a2,5,2_second,2
618,201900203,a2,6,2_second,2
619,201900208,a2,5,2_second,2
620,201900213,a2,5,2_second,2
621,201900235,a2,6,2_second,2
622,201900274,a2,5,2_second,2
623,201900285,a2,7,2_second,2
624,201900286,a2,9,2_second,2
625,201900290,a2,6,2_second,2
626,201900294,a2,7,2_second,2
627,201900303,a2,5,2_second,2
628,201900304,a2,6,2_second,2
629,201900339,a2,7,2_second,2
630,201900345,a2,7,2_second,2
631,201900348,a2,2,2_second,2
632,201900349,a2,7,2_second,2
633,201900352,a2,7,2_second,2
634,201900358,a2,9,2_second,2
635,201900361,a2,5,2_second,2
636,201900375,a2,5,2_second,2
637,201900377,a2,7,2_second,2
638,201900380,a2,7,2_second,2
639,201900425,a2,6,2_second,2
640,201900447,a2,1,2_second,2
641,201900457,a2,8,2_second,2
642,201900459,a2,7,2_second,2
643,201900461,a2,2,2_second,2
644,201900462,a2,7,2_second,2
645,201900468,a2,1,2_second,2
646,201900469,a2,5,2_second,2
647,201900478,a2,5,2_second,2
648,201900492,a2,5,2_second,2
649,201900520,a2,7,2_second,2
650,201900571,a2,1,2_second,2
651,201900574,a2,6,2_second,2
652,201900591,a2,5,2_second,2
653,201900595,a2,5,2_second,2
654,201900632,a2,7,2_second,2
655,201900637,a2,1,2_second,2
656,201900644,a2,5,2_second,2
657,201900683,a2,5,2_second,2
658,201900684,a2,5,2_second,2
659,201900688,a2,5,2_second,2
660,201900691,a2,5,2_second,2
661,201900695,a2,5,2_second,2
662,201900710,a2,7,2_second,2
663,201900712,a2,5,2_second,2
664,201900719,a2,5,2_second,2
665,201900759,a2,2,2_second,2
666,201900788,a2,5,2_second,2
667,201900810,a2,1,2_second,2
668,201900814,a2,8,2_second,2
669,201900815,a2,5,2_second,2
670,201900817,a2,7,2_second,2
671,201900818,a2,5,2_second,2
672,201900828,a2,7,2_second,2
673,201900839,a2,5,2_second,2
674,201900843,a2,7,2_second,2
675,201900844,a2,1,2_second,2
676,201900852,a2,5,2_second,2
677,201900872,a2,1,2_second,2
678,201900938,a2,5,2_second,2
679,201900987,a2,5,2_second,2
680,201900998,a2,7,2_second,2
681,201901026,a2,1,2_second,2
682,201901027,a2,1,2_second,2
683,201901030,a2,5,2_second,2
684,201901041,a2,1,2_second,2
685,201901080,a2,1,2_second,2
686,201901082,a2,5,2_second,2
687,201901083,a2,5,2_second,2
688,201901092,a2,6,2_second,2
689,201901095,a2,5,2_second,2
690,201901133,a2,6,2_second,2
691,201901154,a2,4,2_second,2
692,201901162,a2,2,2_second,2
693,201901173,a2,7,2_second,2
694,201901184,a2,7,2_second,2
695,201901186,a2,5,2_second,2
696,201901198,a2,5,2_second,2
697,201901206,a2,7,2_second,2
698,201901222,a2,7,2_second,2
699,201901246,a2,7,2_second,2
700,201901256,a2,5,2_second,2
701,201901273,a2,5,2_second,2
702,201901307,a2,5,2_second,2
703,201901310,a2,6,2_second,2
704,201901324,a2,5,2_second,2
705,201901331,a2,5,2_second,2
706,201901338,a2,1,2_second,2
707,201901376,a2,5,2_second,2
708,201901388,a2,5,2_second,2
709,201901394,a2,5,2_second,2
710,201901398,a2,5,2_second,2
711,201901441,a2,5,2_second,2
712,201901451,a2,7,2_second,2
713,201901457,a2,2,2_second,2
714,201901471,a2,5,2_second,2
715,201901475,a2,7,2_second,2
716,201901491,a2,5,2_second,2
717,201901498,a2,1,2_second,2
718,201901504,a2,5,2_second,2
719,201901505,a2,1,2_second,2
720,201901511,a2,1,2_second,2
721,201901512,a2,7,2_second,2
722,201901521,a2,5,2_second,2
723,201901522,a2,2,2_second,2
724,201901526,a2,4,2_second,2
725,201901539,a2,1,2_second,2
726,201901542,a2,7,2_second,2
727,201901546,a2,1,2_second,2
728,201901560,a2,7,2_second,2
729,201901569,a2,7,2_second,2
730,201901570,a2,1,2_second,2
731,201901579,a2,5,2_second,2
732,201901615,a2,7,2_second,2
733,201901617,a2,5,2_second,2
734,201901650,a2,7,2_second,2
735,201901659,a2,5,2_second,2
736,201901681,a2,7,2_second,2
737,201901688,a2,3,2_second,2
738,201901701,a2,5,2_second,2
739,201901707,a2,7,2_second,2
740,201901711,a2,6,2_second,2
741,201901721,a2,5,2_second,2
742,201901745,a2,5,2_second,2
743,201901746,a2,5,2_second,2
744,201901788,a2,1,2_second,2
745,201901813,a2,1,2_second,2
746,201901819,a2,5,2_second,2
747,201901842,a2,1,2_second,2
748,201901857,a2,1,2_second,2
749,201901858,a2,7,2_second,2
750,201901871,a2,5,2_second,2
751,201901872,a2,7,2_second,2
752,201901888,a2,7,2_second,2
753,201901889,a2,5,2_second,2
754,201901909,a2,5,2_second,2
755,201901916,a2,1,2_second,2
756,201901917,a2,6,2_second,2
757,201901921,a2,2,2_second,2
758,201901926,a2,5,2_second,2
759,201901936,a2,5,2_second,2
760,201901943,a2,5,2_second,2
761,201901958,a2,5,2_second,2
762,201901959,a2,5,2_second,2
763,201901961,a2,5,2_second,2
764,201901964,a2,9,2_second,2
765,201901968,a2,4,2_second,2
766,201901982,a2,5,2_second,2
767,201901985,a2,7,2_second,2
768,201901993,a2,4,2_second,2
769,201902030,a2,1,2_second,2
770,201902047,a2,4,2_second,2
771,201902054,a2,6,2_second,2
772,201902071,a2,5,2_second,2
773,201902081,a2,7,2_second,2
774,201902093,a2,6,2_second,2
775,201902097,a2,5,2_second,2
776,201902101,a2,5,2_second,2
777,201902131,a2,5,2_second,2
778,201902138,a2,5,2_second,2
779,201902160,a2,1,2_second,2
780,201902175,a2,5,2_second,2
781,201902176,a2,7,2_second,2
782,201902180,a2,5,2_second,2
783,201902186,a2,5,2_second,2
784,201902187,a2,5,2_second,2
785,201902205,a2,4,2_second,2
786,201902211,a2,7,2_second,2
787,201902250,a2,7,2_second,2
788,201902253,a2,5,2_second,2
789,201902270,a2,2,2_second,2
790,201902271,a2,5,2_second,2
791,201902288,a2,1,2_second,2
792,201902301,a2,5,2_second,2
793,201902307,a2,8,2_second,2
794,201902327,a2,7,2_second,2
795,201902346,a2,4,2_second,2
796,201902365,a2,1,2_second,2
797,201902373,a2,6,2_second,2
798,201902392,a2,1,2_second,2
799,201902394,a2,4,2_second,2
800,201900016,a3,5,1_first,3
801,201900023,a3,2,1_first,3
802,201900103,a3,1,1_first,3
803,201900112,a3,5,1_first,3
804,201900131,a3,2,1_first,3
805,201900141,a3,7,1_first,3
806,201900142,a3,5,1_first,3
807,201900150,a3,5,1_first,3
808,201900157,a3,5,1_first,3
809,201900161,a3,1,1_first,3
810,201900173,a3,7,1_first,3
811,201900176,a3,6,1_first,3
812,201900177,a3,7,1_first,3
813,201900183,a3,5,1_first,3
814,201900186,a3,2,1_first,3
815,201900197,a3,7,1_first,3
816,201900200,a3,1,1_first,3
817,201900201,a3,4,1_first,3
818,201900203,a3,5,1_first,3
819,201900208,a3,4,1_first,3
820,201900213,a3,5,1_first,3
821,201900235,a3,5,1_first,3
822,201900274,a3,5,1_first,3
823,201900285,a3,6,1_first,3
824,201900286,a3,5,1_first,3
825,201900290,a3,7,1_first,3
826,201900294,a3,7,1_first,3
827,201900303,a3,1,1_first,3
828,201900304,a3,5,1_first,3
829,201900339,a3,5,1_first,3
830,201900345,a3,7,1_first,3
831,201900348,a3,5,1_first,3
832,201900349,a3,5,1_first,3
833,201900352,a3,4,1_first,3
834,201900358,a3,6,1_first,3
835,201900361,a3,7,1_first,3
836,201900375,a3,5,1_first,3
837,201900377,a3,5,1_first,3
838,201900380,a3,1,1_first,3
839,201900425,a3,1,1_first,3
840,201900447,a3,5,1_first,3
841,201900457,a3,5,1_first,3
842,201900459,a3,5,1_first,3
843,201900461,a3,2,1_first,3
844,201900462,a3,1,1_first,3
845,201900468,a3,6,1_first,3
846,201900469,a3,2,1_first,3
847,201900478,a3,6,1_first,3
848,201900492,a3,5,1_first,3
849,201900520,a3,2,1_first,3
850,201900571,a3,1,1_first,3
851,201900574,a3,7,1_first,3
852,201900591,a3,7,1_first,3
853,201900595,a3,5,1_first,3
854,201900632,a3,8,1_first,3
855,201900637,a3,4,1_first,3
856,201900644,a3,2,1_first,3
857,201900683,a3,1,1_first,3
858,201900684,a3,6,1_first,3
859,201900688,a3,4,1_first,3
860,201900691,a3,6,1_first,3
861,201900695,a3,5,1_first,3
862,201900710,a3,5,1_first,3
863,201900712,a3,6,1_first,3
864,201900719,a3,1,1_first,3
865,201900759,a3,5,1_first,3
866,201900788,a3,7,1_first,3
867,201900810,a3,5,1_first,3
868,201900814,a3,6,1_first,3
869,201900815,a3,7,1_first,3
870,201900817,a3,7,1_first,3
871,201900818,a3,5,1_first,3
872,201900828,a3,5,1_first,3
873,201900839,a3,5,1_first,3
874,201900843,a3,5,1_first,3
875,201900844,a3,1,1_first,3
876,201900852,a3,5,1_first,3
877,201900872,a3,5,1_first,3
878,201900938,a3,1,1_first,3
879,201900987,a3,5,1_first,3
880,201900998,a3,5,1_first,3
881,201901026,a3,1,1_first,3
882,201901027,a3,1,1_first,3
883,201901030,a3,2,1_first,3
884,201901041,a3,7,1_first,3
885,201901080,a3,7,1_first,3
886,201901082,a3,5,1_first,3
887,201901083,a3,5,1_first,3
888,201901092,a3,6,1_first,3
889,201901095,a3,5,1_first,3
890,201901133,a3,5,1_first,3
891,201901154,a3,6,1_first,3
892,201901162,a3,5,1_first,3
893,201901173,a3,7,1_first,3
894,201901184,a3,4,1_first,3
895,201901186,a3,6,1_first,3
896,201901198,a3,7,1_first,3
897,201901206,a3,7,1_first,3
898,201901222,a3,6,1_first,3
899,201901246,a3,2,1_first,3
900,201901256,a3,1,1_first,3
901,201901273,a3,7,1_first,3
902,201901307,a3,5,1_first,3
903,201901310,a3,6,1_first,3
904,201901324,a3,7,1_first,3
905,201901331,a3,7,1_first,3
906,201901338,a3,7,1_first,3
907,201901376,a3,1,1_first,3
908,201901388,a3,5,1_first,3
909,201901394,a3,7,1_first,3
910,201901398,a3,5,1_first,3
911,201901441,a3,1,1_first,3
912,201901451,a3,5,1_first,3
913,201901457,a3,5,1_first,3
914,201901471,a3,7,1_first,3
915,201901475,a3,6,1_first,3
916,201901491,a3,5,1_first,3
917,201901498,a3,5,1_first,3
918,201901504,a3,7,1_first,3
919,201901505,a3,7,1_first,3
920,201901511,a3,4,1_first,3
921,201901512,a3,7,1_first,3
922,201901521,a3,5,1_first,3
923,201901522,a3,4,1_first,3
924,201901526,a3,6,1_first,3
925,201901539,a3,5,1_first,3
926,201901542,a3,1,1_first,3
927,201901546,a3,5,1_first,3
928,201901560,a3,4,1_first,3
929,201901569,a3,6,1_first,3
930,201901570,a3,5,1_first,3
931,201901579,a3,1,1_first,3
932,201901615,a3,2,1_first,3
933,201901617,a3,5,1_first,3
934,201901650,a3,2,1_first,3
935,201901659,a3,7,1_first,3
936,201901681,a3,7,1_first,3
937,201901688,a3,5,1_first,3
938,201901701,a3,1,1_first,3
939,201901707,a3,5,1_first,3
940,201901711,a3,7,1_first,3
941,201901721,a3,4,1_first,3
942,201901745,a3,4,1_first,3
943,201901746,a3,5,1_first,3
944,201901788,a3,1,1_first,3
945,201901813,a3,7,1_first,3
946,201901819,a3,2,1_first,3
947,201901842,a3,1,1_first,3
948,201901857,a3,5,1_first,3
949,201901858,a3,5,1_first,3
950,201901871,a3,1,1_first,3
951,201901872,a3,5,1_first,3
952,201901888,a3,7,1_first,3
953,201901889,a3,1,1_first,3
954,201901909,a3,5,1_first,3
955,201901916,a3,1,1_first,3
956,201901917,a3,5,1_first,3
957,201901921,a3,5,1_first,3
958,201901926,a3,1,1_first,3
959,201901936,a3,2,1_first,3
960,201901943,a3,5,1_first,3
961,201901958,a3,1,1_first,3
962,201901959,a3,7,1_first,3
963,201901961,a3,5,1_first,3
964,201901964,a3,5,1_first,3
965,201901968,a3,6,1_first,3
966,201901982,a3,5,1_first,3
967,201901985,a3,5,1_first,3
968,201901993,a3,7,1_first,3
969,201902030,a3,5,1_first,3
970,201902047,a3,5,1_first,3
971,201902054,a3,5,1_first,3
972,201902071,a3,2,1_first,3
973,201902081,a3,5,1_first,3
974,201902093,a3,7,1_first,3
975,201902097,a3,5,1_first,3
976,201902101,a3,4,1_first,3
977,201902131,a3,5,1_first,3
978,201902138,a3,6,1_first,3
979,201902160,a3,1,1_first,3
980,201902175,a3,1,1_first,3
981,201902176,a3,5,1_first,3
982,201902180,a3,5,1_first,3
983,201902186,a3,7,1_first,3
984,201902187,a3,5,1_first,3
985,201902205,a3,6,1_first,3
986,201902211,a3,5,1_first,3
987,201902250,a3,7,1_first,3
988,201902253,a3,1,1_first,3
989,201902270,a3,7,1_first,3
990,201902271,a3,1,1_first,3
991,201902288,a3,5,1_first,3
992,201902301,a3,5,1_first,3
993,201902307,a3,5,1_first,3
994,201902327,a3,1,1_first,3
995,201902346,a3,1,1_first,3
996,201902365,a3,7,1_first,3
997,201902373,a3,5,1_first,3
998,201902392,a3,1,1_first,3
999,201902394,a3,5,1_first,3
1000,201900016,a3,5,2_second,3
1001,201900023,a3,5,2_second,3
1002,201900103,a3,9,2_second,3
1003,201900112,a3,5,2_second,3
1004,201900131,a3,5,2_second,3
1005,201900141,a3,5,2_second,3
1006,201900142,a3,6,2_second,3
1007,201900150,a3,7,2_second,3
1008,201900157,a3,3,2_second,3
1009,201900161,a3,5,2_second,3
1010,201900173,a3,8,2_second,3
1011,201900176,a3,7,2_second,3
1012,201900177,a3,7,2_second,3
1013,201900183,a3,6,2_second,3
1014,201900186,a3,9,2_second,3
1015,201900197,a3,1,2_second,3
1016,201900200,a3,7,2_second,3
1017,201900201,a3,5,2_second,3
1018,201900203,a3,5,2_second,3
1019,201900208,a3,5,2_second,3
1020,201900213,a3,5,2_second,3
1021,201900235,a3,5,2_second,3
1022,201900274,a3,5,2_second,3
1023,201900285,a3,5,2_second,3
1024,201900286,a3,1,2_second,3
1025,201900290,a3,5,2_second,3
1026,201900294,a3,1,2_second,3
1027,201900303,a3,9,2_second,3
1028,201900304,a3,5,2_second,3
1029,201900339,a3,7,2_second,3
1030,201900345,a3,1,2_second,3
1031,201900348,a3,1,2_second,3
1032,201900349,a3,7,2_second,3
1033,201900352,a3,1,2_second,3
1034,201900358,a3,7,2_second,3
1035,201900361,a3,7,2_second,3
1036,201900375,a3,7,2_second,3
1037,201900377,a3,1,2_second,3
1038,201900380,a3,9,2_second,3
1039,201900425,a3,5,2_second,3
1040,201900447,a3,7,2_second,3
1041,201900457,a3,5,2_second,3
1042,201900459,a3,5,2_second,3
1043,201900461,a3,4,2_second,3
1044,201900462,a3,9,2_second,3
1045,201900468,a3,5,2_second,3
1046,201900469,a3,7,2_second,3
1047,201900478,a3,5,2_second,3
1048,201900492,a3,7,2_second,3
1049,201900520,a3,9,2_second,3
1050,201900571,a3,5,2_second,3
1051,201900574,a3,7,2_second,3
1052,201900591,a3,7,2_second,3
1053,201900595,a3,1,2_second,3
1054,201900632,a3,5,2_second,3
1055,201900637,a3,7,2_second,3
1056,201900644,a3,1,2_second,3
1057,201900683,a3,5,2_second,3
1058,201900684,a3,5,2_second,3
1059,201900688,a3,1,2_second,3
1060,201900691,a3,5,2_second,3
1061,201900695,a3,4,2_second,3
1062,201900710,a3,7,2_second,3
1063,201900712,a3,9,2_second,3
1064,201900719,a3,9,2_second,3
1065,201900759,a3,2,2_second,3
1066,201900788,a3,7,2_second,3
1067,201900810,a3,1,2_second,3
1068,201900814,a3,1,2_second,3
1069,201900815,a3,5,2_second,3
1070,201900817,a3,5,2_second,3
1071,201900818,a3,7,2_second,3
1072,201900828,a3,7,2_second,3
1073,201900839,a3,6,2_second,3
1074,201900843,a3,5,2_second,3
1075,201900844,a3,1,2_second,3
1076,201900852,a3,7,2_second,3
1077,201900872,a3,1,2_second,3
1078,201900938,a3,9,2_second,3
1079,201900987,a3,5,2_second,3
1080,201900998,a3,5,2_second,3
1081,201901026,a3,4,2_second,3
1082,201901027,a3,9,2_second,3
1083,201901030,a3,9,2_second,3
1084,201901041,a3,5,2_second,3
1085,201901080,a3,7,2_second,3
1086,201901082,a3,4,2_second,3
1087,201901083,a3,7,2_second,3
1088,201901092,a3,2,2_second,3
1089,201901095,a3,7,2_second,3
1090,201901133,a3,5,2_second,3
1091,201901154,a3,1,2_second,3
1092,201901162,a3,5,2_second,3
1093,201901173,a3,5,2_second,3
1094,201901184,a3,7,2_second,3
1095,201901186,a3,9,2_second,3
1096,201901198,a3,7,2_second,3
1097,201901206,a3,5,2_second,3
1098,201901222,a3,5,2_second,3
1099,201901246,a3,5,2_second,3
1100,201901256,a3,7,2_second,3
1101,201901273,a3,7,2_second,3
1102,201901307,a3,4,2_second,3
1103,201901310,a3,6,2_second,3
1104,201901324,a3,5,2_second,3
1105,201901331,a3,1,2_second,3
1106,201901338,a3,5,2_second,3
1107,201901376,a3,9,2_second,3
1108,201901388,a3,5,2_second,3
1109,201901394,a3,5,2_second,3
1110,201901398,a3,4,2_second,3
1111,201901441,a3,7,2_second,3
1112,201901451,a3,5,2_second,3
1113,201901457,a3,5,2_second,3
1114,201901471,a3,5,2_second,3
1115,201901475,a3,9,2_second,3
1116,201901491,a3,5,2_second,3
1117,201901498,a3,1,2_second,3
1118,201901504,a3,7,2_second,3
1119,201901505,a3,5,2_second,3
1120,201901511,a3,5,2_second,3
1121,201901512,a3,5,2_second,3
1122,201901521,a3,1,2_second,3
1123,201901522,a3,7,2_second,3
1124,201901526,a3,9,2_second,3
1125,201901539,a3,1,2_second,3
1126,201901542,a3,7,2_second,3
1127,201901546,a3,5,2_second,3
1128,201901560,a3,1,2_second,3
1129,201901569,a3,6,2_second,3
1130,201901570,a3,5,2_second,3
1131,201901579,a3,1,2_second,3
1132,201901615,a3,1,2_second,3
1133,201901617,a3,5,2_second,3
1134,201901650,a3,7,2_second,3
1135,201901659,a3,5,2_second,3
1136,201901681,a3,5,2_second,3
1137,201901688,a3,6,2_second,3
1138,201901701,a3,1,2_second,3
1139,201901707,a3,5,2_second,3
1140,201901711,a3,5,2_second,3
1141,201901721,a3,6,2_second,3
1142,201901745,a3,5,2_second,3
1143,201901746,a3,5,2_second,3
1144,201901788,a3,1,2_second,3
1145,201901813,a3,5,2_second,3
1146,201901819,a3,1,2_second,3
1147,201901842,a3,1,2_second,3
1148,201901857,a3,7,2_second,3
1149,201901858,a3,5,2_second,3
1150,201901871,a3,7,2_second,3
1151,201901872,a3,6,2_second,3
1152,201901888,a3,1,2_second,3
1153,201901889,a3,1,2_second,3
1154,201901909,a3,5,2_second,3
1155,201901916,a3,5,2_second,3
1156,201901917,a3,7,2_second,3
1157,201901921,a3,4,2_second,3
1158,201901926,a3,9,2_second,3
1159,201901936,a3,5,2_second,3
1160,201901943,a3,5,2_second,3
1161,201901958,a3,9,2_second,3
1162,201901959,a3,3,2_second,3
1163,201901961,a3,5,2_second,3
1164,201901964,a3,5,2_second,3
1165,201901968,a3,5,2_second,3
1166,201901982,a3,3,2_second,3
1167,201901985,a3,5,2_second,3
1168,201901993,a3,5,2_second,3
1169,201902030,a3,1,2_second,3
1170,201902047,a3,5,2_second,3
1171,201902054,a3,5,2_second,3
1172,201902071,a3,9,2_second,3
1173,201902081,a3,5,2_second,3
1174,201902093,a3,5,2_second,3
1175,201902097,a3,7,2_second,3
1176,201902101,a3,5,2_second,3
1177,201902131,a3,2,2_second,3
1178,201902138,a3,7,2_second,3
1179,201902160,a3,4,2_second,3
1180,201902175,a3,9,2_second,3
1181,201902176,a3,5,2_second,3
1182,201902180,a3,5,2_second,3
1183,201902186,a3,7,2_second,3
1184,201902187,a3,5,2_second,3
1185,201902205,a3,7,2_second,3
1186,201902211,a3,5,2_second,3
1187,201902250,a3,7,2_second,3
1188,201902253,a3,9,2_second,3
1189,201902270,a3,5,2_second,3
1190,201902271,a3,4,2_second,3
1191,201902288,a3,5,2_second,3
1192,201902301,a3,7,2_second,3
1193,201902307,a3,5,2_second,3
1194,201902327,a3,9,2_second,3
1195,201902346,a3,9,2_second,3
1196,201902365,a3,5,2_second,3
1197,201902373,a3,9,2_second,3
1198,201902392,a3,5,2_second,3
1199,201902394,a3,5,2_second,3
1200,201900016,a4,5,1_first,4
1201,201900023,a4,1,1_first,4
1202,201900103,a4,5,1_first,4
1203,201900112,a4,1,1_first,4
1204,201900131,a4,7,1_first,4
1205,201900141,a4,5,1_first,4
1206,201900142,a4,5,1_first,4
1207,201900150,a4,1,1_first,4
1208,201900157,a4,2,1_first,4
1209,201900161,a4,1,1_first,4
1210,201900173,a4,5,1_first,4
1211,201900176,a4,5,1_first,4
1212,201900177,a4,5,1_first,4
1213,201900183,a4,5,1_first,4
1214,201900186,a4,5,1_first,4
1215,201900197,a4,5,1_first,4
1216,201900200,a4,7,1_first,4
1217,201900201,a4,1,1_first,4
1218,201900203,a4,1,1_first,4
1219,201900208,a4,2,1_first,4
1220,201900213,a4,7,1_first,4
1221,201900235,a4,5,1_first,4
1222,201900274,a4,5,1_first,4
1223,201900285,a4,7,1_first,4
1224,201900286,a4,6,1_first,4
1225,201900290,a4,4,1_first,4
1226,201900294,a4,5,1_first,4
1227,201900303,a4,1,1_first,4
1228,201900304,a4,7,1_first,4
1229,201900339,a4,5,1_first,4
1230,201900345,a4,5,1_first,4
1231,201900348,a4,5,1_first,4
1232,201900349,a4,5,1_first,4
1233,201900352,a4,6,1_first,4
1234,201900358,a4,5,1_first,4
1235,201900361,a4,4,1_first,4
1236,201900375,a4,5,1_first,4
1237,201900377,a4,6,1_first,4
1238,201900380,a4,7,1_first,4
1239,201900425,a4,5,1_first,4
1240,201900447,a4,1,1_first,4
1241,201900457,a4,1,1_first,4
1242,201900459,a4,5,1_first,4
1243,201900461,a4,5,1_first,4
1244,201900462,a4,1,1_first,4
1245,201900468,a4,2,1_first,4
1246,201900469,a4,5,1_first,4
1247,201900478,a4,5,1_first,4
1248,201900492,a4,5,1_first,4
1249,201900520,a4,5,1_first,4
1250,201900571,a4,5,1_first,4
1251,201900574,a4,6,1_first,4
1252,201900591,a4,5,1_first,4
1253,201900595,a4,6,1_first,4
1254,201900632,a4,1,1_first,4
1255,201900637,a4,&,1_first,4
1256,201900644,a4,4,1_first,4
1257,201900683,a4,&,1_first,4
1258,201900684,a4,5,1_first,4
1259,201900688,a4,1,1_first,4
1260,201900691,a4,7,1_first,4
1261,201900695,a4,2,1_first,4
1262,201900710,a4,6,1_first,4
1263,201900712,a4,5,1_first,4
1264,201900719,a4,5,1_first,4
1265,201900759,a4,7,1_first,4
1266,201900788,a4,5,1_first,4
1267,201900810,a4,1,1_first,4
1268,201900814,a4,5,1_first,4
1269,201900815,a4,1,1_first,4
1270,201900817,a4,5,1_first,4
1271,201900818,a4,5,1_first,4
1272,201900828,a4,6,1_first,4
1273,201900839,a4,1,1_first,4
1274,201900843,a4,7,1_first,4
1275,201900844,a4,5,1_first,4
1276,201900852,a4,5,1_first,4
1277,201900872,a4,5,1_first,4
1278,201900938,a4,7,1_first,4
1279,201900987,a4,6,1_first,4
1280,201900998,a4,5,1_first,4
1281,201901026,a4,4,1_first,4
1282,201901027,a4,1,1_first,4
1283,201901030,a4,5,1_first,4
1284,201901041,a4,5,1_first,4
1285,201901080,a4,1,1_first,4
1286,201901082,a4,5,1_first,4
1287,201901083,a4,6,1_first,4
1288,201901092,a4,5,1_first,4
1289,201901095,a4,7,1_first,4
1290,201901133,a4,7,1_first,4
1291,201901154,a4,6,1_first,4
1292,201901162,a4,5,1_first,4
1293,201901173,a4,8,1_first,4
1294,201901184,a4,&,1_first,4
1295,201901186,a4,3,1_first,4
1296,201901198,a4,5,1_first,4
1297,201901206,a4,5,1_first,4
1298,201901222,a4,5,1_first,4
1299,201901246,a4,5,1_first,4
1300,201901256,a4,6,1_first,4
1301,201901273,a4,5,1_first,4
1302,201901307,a4,5,1_first,4
1303,201901310,a4,2,1_first,4
1304,201901324,a4,&,1_first,4
1305,201901331,a4,5,1_first,4
1306,201901338,a4,7,1_first,4
1307,201901376,a4,7,1_first,4
1308,201901388,a4,2,1_first,4
1309,201901394,a4,1,1_first,4
1310,201901398,a4,5,1_first,4
1311,201901441,a4,5,1_first,4
1312,201901451,a4,5,1_first,4
1313,201901457,a4,6,1_first,4
1314,201901471,a4,5,1_first,4
1315,201901475,a4,6,1_first,4
1316,201901491,a4,2,1_first,4
1317,201901498,a4,7,1_first,4
1318,201901504,a4,1,1_first,4
1319,201901505,a4,2,1_first,4
1320,201901511,a4,5,1_first,4
1321,201901512,a4,5,1_first,4
1322,201901521,a4,6,1_first,4
1323,201901522,a4,1,1_first,4
1324,201901526,a4,1,1_first,4
1325,201901539,a4,1,1_first,4
1326,201901542,a4,5,1_first,4
1327,201901546,a4,5,1_first,4
1328,201901560,a4,7,1_first,4
1329,201901569,a4,5,1_first,4
1330,201901570,a4,6,1_first,4
1331,201901579,a4,5,1_first,4
1332,201901615,a4,6,1_first,4
1333,201901617,a4,5,1_first,4
1334,201901650,a4,5,1_first,4
1335,201901659,a4,7,1_first,4
1336,201901681,a4,2,1_first,4
1337,201901688,a4,8,1_first,4
1338,201901701,a4,7,1_first,4
1339,201901707,a4,5,1_first,4
1340,201901711,a4,5,1_first,4
1341,201901721,a4,7,1_first,4
1342,201901745,a4,5,1_first,4
1343,201901746,a4,1,1_first,4
1344,201901788,a4,5,1_first,4
1345,201901813,a4,6,1_first,4
1346,201901819,a4,2,1_first,4
1347,201901842,a4,5,1_first,4
1348,201901857,a4,5,1_first,4
1349,201901858,a4,6,1_first,4
1350,201901871,a4,6,1_first,4
1351,201901872,a4,5,1_first,4
1352,201901888,a4,5,1_first,4
1353,201901889,a4,5,1_first,4
1354,201901909,a4,5,1_first,4
1355,201901916,a4,5,1_first,4
1356,201901917,a4,7,1_first,4
1357,201901921,a4,7,1_first,4
1358,201901926,a4,5,1_first,4
1359,201901936,a4,1,1_first,4
1360,201901943,a4,4,1_first,4
1361,201901958,a4,6,1_first,4
1362,201901959,a4,5,1_first,4
1363,201901961,a4,5,1_first,4
1364,201901964,a4,7,1_first,4
1365,201901968,a4,1,1_first,4
1366,201901982,a4,1,1_first,4
1367,201901985,a4,5,1_first,4
1368,201901993,a4,7,1_first,4
1369,201902030,a4,5,1_first,4
1370,201902047,a4,5,1_first,4
1371,201902054,a4,5,1_first,4
1372,201902071,a4,7,1_first,4
1373,201902081,a4,5,1_first,4
1374,201902093,a4,5,1_first,4
1375,201902097,a4,5,1_first,4
1376,201902101,a4,5,1_first,4
1377,201902131,a4,6,1_first,4
1378,201902138,a4,5,1_first,4
1379,201902160,a4,7,1_first,4
1380,201902175,a4,5,1_first,4
1381,201902176,a4,4,1_first,4
1382,201902180,a4,6,1_first,4
1383,201902186,a4,&,1_first,4
1384,201902187,a4,5,1_first,4
1385,201902205,a4,6,1_first,4
1386,201902211,a4,7,1_first,4
1387,201902250,a4,7,1_first,4
1388,201902253,a4,6,1_first,4
1389,201902270,a4,8,1_first,4
1390,201902271,a4,5,1_first,4
1391,201902288,a4,5,1_first,4
1392,201902301,a4,5,1_first,4
1393,201902307,a4,5,1_first,4
1394,201902327,a4,5,1_first,4
1395,201902346,a4,5,1_first,4
1396,201902365,a4,5,1_first,4
1397,201902373,a4,7,1_first,4
1398,201902392,a4,6,1_first,4
1399,201902394,a4,7,1_first,4
1400,201900016,a4,5,2_second,4
1401,201900023,a4,1,2_second,4
1402,201900103,a4,4,2_second,4
1403,201900112,a4,5,2_second,4
1404,201900131,a4,2,2_second,4
1405,201900141,a4,5,2_second,4
1406,201900142,a4,5,2_second,4
1407,201900150,a4,7,2_second,4
1408,201900157,a4,9,2_second,4
1409,201900161,a4,2,2_second,4
1410,201900173,a4,5,2_second,4
1411,201900176,a4,5,2_second,4
1412,201900177,a4,5,2_second,4
1413,201900183,a4,5,2_second,4
1414,201900186,a4,5,2_second,4
1415,201900197,a4,5,2_second,4
1416,201900200,a4,2,2_second,4
1417,201900201,a4,6,2_second,4
1418,201900203,a4,9,2_second,4
1419,201900208,a4,5,2_second,4
1420,201900213,a4,7,2_second,4
1421,201900235,a4,1,2_second,4
1422,201900274,a4,7,2_second,4
1423,201900285,a4,5,2_second,4
1424,201900286,a4,2,2_second,4
1425,201900290,a4,5,2_second,4
1426,201900294,a4,7,2_second,4
1427,201900303,a4,1,2_second,4
1428,201900304,a4,1,2_second,4
1429,201900339,a4,5,2_second,4
1430,201900345,a4,7,2_second,4
1431,201900348,a4,5,2_second,4
1432,201900349,a4,1,2_second,4
1433,201900352,a4,5,2_second,4
1434,201900358,a4,5,2_second,4
1435,201900361,a4,7,2_second,4
1436,201900375,a4,4,2_second,4
1437,201900377,a4,1,2_second,4
1438,201900380,a4,5,2_second,4
1439,201900425,a4,7,2_second,4
1440,201900447,a4,6,2_second,4
1441,201900457,a4,7,2_second,4
1442,201900459,a4,5,2_second,4
1443,201900461,a4,5,2_second,4
1444,201900462,a4,6,2_second,4
1445,201900468,a4,6,2_second,4
1446,201900469,a4,7,2_second,4
1447,201900478,a4,4,2_second,4
1448,201900492,a4,5,2_second,4
1449,201900520,a4,6,2_second,4
1450,201900571,a4,5,2_second,4
1451,201900574,a4,5,2_second,4
1452,201900591,a4,7,2_second,4
1453,201900595,a4,5,2_second,4
1454,201900632,a4,5,2_second,4
1455,201900637,a4,4,2_second,4
1456,201900644,a4,5,2_second,4
1457,201900683,a4,5,2_second,4
1458,201900684,a4,1,2_second,4
1459,201900688,a4,6,2_second,4
1460,201900691,a4,1,2_second,4
1461,201900695,a4,5,2_second,4
1462,201900710,a4,5,2_second,4
1463,201900712,a4,7,2_second,4
1464,201900719,a4,7,2_second,4
1465,201900759,a4,5,2_second,4
1466,201900788,a4,1,2_second,4
1467,201900810,a4,7,2_second,4
1468,201900814,a4,5,2_second,4
1469,201900815,a4,7,2_second,4
1470,201900817,a4,7,2_second,4
1471,201900818,a4,1,2_second,4
1472,201900828,a4,5,2_second,4
1473,201900839,a4,7,2_second,4
1474,201900843,a4,5,2_second,4
1475,201900844,a4,7,2_second,4
1476,201900852,a4,1,2_second,4
1477,201900872,a4,1,2_second,4
1478,201900938,a4,5,2_second,4
1479,201900987,a4,5,2_second,4
1480,201900998,a4,2,2_second,4
1481,201901026,a4,5,2_second,4
1482,201901027,a4,5,2_second,4
1483,201901030,a4,5,2_second,4
1484,201901041,a4,4,2_second,4
1485,201901080,a4,9,2_second,4
1486,201901082,a4,1,2_second,4
1487,201901083,a4,5,2_second,4
1488,201901092,a4,7,2_second,4
1489,201901095,a4,5,2_second,4
1490,201901133,a4,1,2_second,4
1491,201901154,a4,6,2_second,4
1492,201901162,a4,1,2_second,4
1493,201901173,a4,5,2_second,4
1494,201901184,a4,5,2_second,4
1495,201901186,a4,7,2_second,4
1496,201901198,a4,6,2_second,4
1497,201901206,a4,5,2_second,4
1498,201901222,a4,5,2_second,4
1499,201901246,a4,5,2_second,4
1500,201901256,a4,5,2_second,4
1501,201901273,a4,1,2_second,4
1502,201901307,a4,7,2_second,4
1503,201901310,a4,9,2_second,4
1504,201901324,a4,5,2_second,4
1505,201901331,a4,7,2_second,4
1506,201901338,a4,7,2_second,4
1507,201901376,a4,5,2_second,4
1508,201901388,a4,5,2_second,4
1509,201901394,a4,2,2_second,4
1510,201901398,a4,1,2_second,4
1511,201901441,a4,5,2_second,4
1512,201901451,a4,2,2_second,4
1513,201901457,a4,1,2_second,4
1514,201901471,a4,4,2_second,4
1515,201901475,a4,7,2_second,4
1516,201901491,a4,5,2_second,4
1517,201901498,a4,7,2_second,4
1518,201901504,a4,2,2_second,4
1519,201901505,a4,5,2_second,4
1520,201901511,a4,5,2_second,4
1521,201901512,a4,4,2_second,4
1522,201901521,a4,7,2_second,4
1523,201901522,a4,5,2_second,4
1524,201901526,a4,4,2_second,4
1525,201901539,a4,5,2_second,4
1526,201901542,a4,1,2_second,4
1527,201901546,a4,5,2_second,4
1528,201901560,a4,6,2_second,4
1529,201901569,a4,7,2_second,4
1530,201901570,a4,5,2_second,4
1531,201901579,a4,2,2_second,4
1532,201901615,a4,5,2_second,4
1533,201901617,a4,5,2_second,4
1534,201901650,a4,7,2_second,4
1535,201901659,a4,5,2_second,4
1536,201901681,a4,9,2_second,4
1537,201901688,a4,5,2_second,4
1538,201901701,a4,7,2_second,4
1539,201901707,a4,2,2_second,4
1540,201901711,a4,5,2_second,4
1541,201901721,a4,5,2_second,4
1542,201901745,a4,5,2_second,4
1543,201901746,a4,5,2_second,4
1544,201901788,a4,7,2_second,4
1545,201901813,a4,5,2_second,4
1546,201901819,a4,9,2_second,4
1547,201901842,a4,7,2_second,4
1548,201901857,a4,2,2_second,4
1549,201901858,a4,5,2_second,4
1550,201901871,a4,7,2_second,4
1551,201901872,a4,5,2_second,4
1552,201901888,a4,2,2_second,4
1553,201901889,a4,8,2_second,4
1554,201901909,a4,5,2_second,4
1555,201901916,a4,1,2_second,4
1556,201901917,a4,1,2_second,4
1557,201901921,a4,5,2_second,4
1558,201901926,a4,1,2_second,4
1559,201901936,a4,1,2_second,4
1560,201901943,a4,2,2_second,4
1561,201901958,a4,7,2_second,4
1562,201901959,a4,5,2_second,4
1563,201901961,a4,4,2_second,4
1564,201901964,a4,7,2_second,4
1565,201901968,a4,4,2_second,4
1566,201901982,a4,7,2_second,4
1567,201901985,a4,7,2_second,4
1568,201901993,a4,5,2_second,4
1569,201902030,a4,4,2_second,4
1570,201902047,a4,5,2_second,4
1571,201902054,a4,6,2_second,4
1572,201902071,a4,2,2_second,4
1573,201902081,a4,5,2_second,4
1574,201902093,a4,5,2_second,4
1575,201902097,a4,5,2_second,4
1576,201902101,a4,6,2_second,4
1577,201902131,a4,5,2_second,4
1578,201902138,a4,7,2_second,4
1579,201902160,a4,8,2_second,4
1580,201902175,a4,2,2_second,4
1581,201902176,a4,7,2_second,4
1582,201902180,a4,7,2_second,4
1583,201902186,a4,7,2_second,4
1584,201902187,a4,7,2_second,4
1585,201902205,a4,1,2_second,4
1586,201902211,a4,1,2_second,4
1587,201902250,a4,7,2_second,4
1588,201902253,a4,5,2_second,4
1589,201902270,a4,4,2_second,4
1590,201902271,a4,7,2_second,4
1591,201902288,a4,6,2_second,4
1592,201902301,a4,6,2_second,4
1593,201902307,a4,5,2_second,4
1594,201902327,a4,5,2_second,4
1595,201902346,a4,7,2_second,4
1596,201902365,a4,7,2_second,4
1597,201902373,a4,5,2_second,4
1598,201902392,a4,5,2_second,4
1599,201902394,a4,5,2_second,4
1600,201900016,a5,5,1_first,5
1601,201900023,a5,6,1_first,5
1602,201900103,a5,6,1_first,5
1603,201900112,a5,1,1_first,5
1604,201900131,a5,6,1_first,5
1605,201900141,a5,5,1_first,5
1606,201900142,a5,5,1_first,5
1607,201900150,a5,5,1_first,5
1608,201900157,a5,5,1_first,5
1609,201900161,a5,5,1_first,5
1610,201900173,a5,5,1_first,5
1611,201900176,a5,6,1_first,5
1612,201900177,a5,7,1_first,5
1613,201900183,a5,1,1_first,5
1614,201900186,a5,8,1_first,5
1615,201900197,a5,5,1_first,5
1616,201900200,a5,5,1_first,5
1617,201900201,a5,7,1_first,5
1618,201900203,a5,1,1_first,5
1619,201900208,a5,5,1_first,5
1620,201900213,a5,5,1_first,5
1621,201900235,a5,5,1_first,5
1622,201900274,a5,6,1_first,5
1623,201900285,a5,5,1_first,5
1624,201900286,a5,5,1_first,5
1625,201900290,a5,7,1_first,5
1626,201900294,a5,2,1_first,5
1627,201900303,a5,5,1_first,5
1628,201900304,a5,5,1_first,5
1629,201900339,a5,4,1_first,5
1630,201900345,a5,4,1_first,5
1631,201900348,a5,4,1_first,5
1632,201900349,a5,8,1_first,5
1633,201900352,a5,5,1_first,5
1634,201900358,a5,5,1_first,5
1635,201900361,a5,5,1_first,5
1636,201900375,a5,5,1_first,5
1637,201900377,a5,4,1_first,5
1638,201900380,a5,1,1_first,5
1639,201900425,a5,6,1_first,5
1640,201900447,a5,5,1_first,5
1641,201900457,a5,1,1_first,5
1642,201900459,a5,7,1_first,5
1643,201900461,a5,4,1_first,5
1644,201900462,a5,5,1_first,5
1645,201900468,a5,5,1_first,5
1646,201900469,a5,2,1_first,5
1647,201900478,a5,6,1_first,5
1648,201900492,a5,1,1_first,5
1649,201900520,a5,5,1_first,5
1650,201900571,a5,1,1_first,5
1651,201900574,a5,1,1_first,5
1652,201900591,a5,7,1_first,5
1653,201900595,a5,5,1_first,5
1654,201900632,a5,7,1_first,5
1655,201900637,a5,5,1_first,5
1656,201900644,a5,5,1_first,5
1657,201900683,a5,2,1_first,5
1658,201900684,a5,2,1_first,5
1659,201900688,a5,5,1_first,5
1660,201900691,a5,5,1_first,5
1661,201900695,a5,1,1_first,5
1662,201900710,a5,5,1_first,5
1663,201900712,a5,5,1_first,5
1664,201900719,a5,6,1_first,5
1665,201900759,a5,2,1_first,5
1666,201900788,a5,7,1_first,5
1667,201900810,a5,5,1_first,5
1668,201900814,a5,2,1_first,5
1669,201900815,a5,7,1_first,5
1670,201900817,a5,5,1_first,5
1671,201900818,a5,5,1_first,5
1672,201900828,a5,5,1_first,5
1673,201900839,a5,5,1_first,5
1674,201900843,a5,6,1_first,5
1675,201900844,a5,2,1_first,5
1676,201900852,a5,5,1_first,5
1677,201900872,a5,2,1_first,5
1678,201900938,a5,1,1_first,5
1679,201900987,a5,1,1_first,5
1680,201900998,a5,5,1_first,5
1681,201901026,a5,5,1_first,5
1682,201901027,a5,5,1_first,5
1683,201901030,a5,7,1_first,5
1684,201901041,a5,7,1_first,5
1685,201901080,a5,7,1_first,5
1686,201901082,a5,7,1_first,5
1687,201901083,a5,4,1_first,5
1688,201901092,a5,5,1_first,5
1689,201901095,a5,5,1_first,5
1690,201901133,a5,5,1_first,5
1691,201901154,a5,1,1_first,5
1692,201901162,a5,1,1_first,5
1693,201901173,a5,5,1_first,5
1694,201901184,a5,7,1_first,5
1695,201901186,a5,7,1_first,5
1696,201901198,a5,4,1_first,5
1697,201901206,a5,7,1_first,5
1698,201901222,a5,5,1_first,5
1699,201901246,a5,5,1_first,5
1700,201901256,a5,2,1_first,5
1701,201901273,a5,5,1_first,5
1702,201901307,a5,5,1_first,5
1703,201901310,a5,6,1_first,5
1704,201901324,a5,7,1_first,5
1705,201901331,a5,1,1_first,5
1706,201901338,a5,5,1_first,5
1707,201901376,a5,5,1_first,5
1708,201901388,a5,1,1_first,5
1709,201901394,a5,5,1_first,5
1710,201901398,a5,1,1_first,5
1711,201901441,a5,5,1_first,5
1712,201901451,a5,4,1_first,5
1713,201901457,a5,5,1_first,5
1714,201901471,a5,5,1_first,5
1715,201901475,a5,5,1_first,5
1716,201901491,a5,7,1_first,5
1717,201901498,a5,7,1_first,5
1718,201901504,a5,7,1_first,5
1719,201901505,a5,5,1_first,5
1720,201901511,a5,7,1_first,5
1721,201901512,a5,5,1_first,5
1722,201901521,a5,7,1_first,5
1723,201901522,a5,5,1_first,5
1724,201901526,a5,5,1_first,5
1725,201901539,a5,5,1_first,5
1726,201901542,a5,5,1_first,5
1727,201901546,a5,5,1_first,5
1728,201901560,a5,7,1_first,5
1729,201901569,a5,5,1_first,5
1730,201901570,a5,5,1_first,5
1731,201901579,a5,5,1_first,5
1732,201901615,a5,5,1_first,5
1733,201901617,a5,7,1_first,5
1734,201901650,a5,8,1_first,5
1735,201901659,a5,7,1_first,5
1736,201901681,a5,5,1_first,5
1737,201901688,a5,1,1_first,5
1738,201901701,a5,5,1_first,5
1739,201901707,a5,5,1_first,5
1740,201901711,a5,7,1_first,5
1741,201901721,a5,7,1_first,5
1742,201901745,a5,2,1_first,5
1743,201901746,a5,6,1_first,5
1744,201901788,a5,1,1_first,5
1745,201901813,a5,7,1_first,5
1746,201901819,a5,7,1_first,5
1747,201901842,a5,7,1_first,5
1748,201901857,a5,5,1_first,5
1749,201901858,a5,7,1_first,5
1750,201901871,a5,1,1_first,5
1751,201901872,a5,1,1_first,5
1752,201901888,a5,1,1_first,5
1753,201901889,a5,2,1_first,5
1754,201901909,a5,5,1_first,5
1755,201901916,a5,5,1_first,5
1756,201901917,a5,5,1_first,5
1757,201901921,a5,1,1_first,5
1758,201901926,a5,5,1_first,5
1759,201901936,a5,2,1_first,5
1760,201901943,a5,2,1_first,5
1761,201901958,a5,2,1_first,5
1762,201901959,a5,1,1_first,5
1763,201901961,a5,5,1_first,5
1764,201901964,a5,5,1_first,5
1765,201901968,a5,5,1_first,5
1766,201901982,a5,7,1_first,5
1767,201901985,a5,5,1_first,5
1768,201901993,a5,5,1_first,5
1769,201902030,a5,6,1_first,5
1770,201902047,a5,7,1_first,5
1771,201902054,a5,5,1_first,5
1772,201902071,a5,6,1_first,5
1773,201902081,a5,7,1_first,5
1774,201902093,a5,6,1_first,5
1775,201902097,a5,5,1_first,5
1776,201902101,a5,5,1_first,5
1777,201902131,a5,8,1_first,5
1778,201902138,a5,1,1_first,5
1779,201902160,a5,5,1_first,5
1780,201902175,a5,5,1_first,5
1781,201902176,a5,7,1_first,5
1782,201902180,a5,5,1_first,5
1783,201902186,a5,7,1_first,5
1784,201902187,a5,7,1_first,5
1785,201902205,a5,5,1_first,5
1786,201902211,a5,7,1_first,5
1787,201902250,a5,5,1_first,5
1788,201902253,a5,7,1_first,5
1789,201902270,a5,7,1_first,5
1790,201902271,a5,1,1_first,5
1791,201902288,a5,7,1_first,5
1792,201902301,a5,7,1_first,5
1793,201902307,a5,7,1_first,5
1794,201902327,a5,5,1_first,5
1795,201902346,a5,7,1_first,5
1796,201902365,a5,5,1_first,5
1797,201902373,a5,1,1_first,5
1798,201902392,a5,5,1_first,5
1799,201902394,a5,6,1_first,5
1800,201900016,a5,5,2_second,5
1801,201900023,a5,5,2_second,5
1802,201900103,a5,1,2_second,5
1803,201900112,a5,5,2_second,5
1804,201900131,a5,6,2_second,5
1805,201900141,a5,6,2_second,5
1806,201900142,a5,1,2_second,5
1807,201900150,a5,6,2_second,5
1808,201900157,a5,5,2_second,5
1809,201900161,a5,2,2_second,5
1810,201900173,a5,1,2_second,5
1811,201900176,a5,5,2_second,5
1812,201900177,a5,5,2_second,5
1813,201900183,a5,9,2_second,5
1814,201900186,a5,5,2_second,5
1815,201900197,a5,5,2_second,5
1816,201900200,a5,7,2_second,5
1817,201900201,a5,5,2_second,5
1818,201900203,a5,1,2_second,5
1819,201900208,a5,4,2_second,5
1820,201900213,a5,5,2_second,5
1821,201900235,a5,7,2_second,5
1822,201900274,a5,9,2_second,5
1823,201900285,a5,1,2_second,5
1824,201900286,a5,7,2_second,5
1825,201900290,a5,5,2_second,5
1826,201900294,a5,5,2_second,5
1827,201900303,a5,5,2_second,5
1828,201900304,a5,4,2_second,5
1829,201900339,a5,5,2_second,5
1830,201900345,a5,5,2_second,5
1831,201900348,a5,5,2_second,5
1832,201900349,a5,5,2_second,5
1833,201900352,a5,7,2_second,5
1834,201900358,a5,1,2_second,5
1835,201900361,a5,5,2_second,5
1836,201900375,a5,5,2_second,5
1837,201900377,a5,5,2_second,5
1838,201900380,a5,2,2_second,5
1839,201900425,a5,5,2_second,5
1840,201900447,a5,5,2_second,5
1841,201900457,a5,9,2_second,5
1842,201900459,a5,1,2_second,5
1843,201900461,a5,1,2_second,5
1844,201900462,a5,1,2_second,5
1845,201900468,a5,5,2_second,5
1846,201900469,a5,5,2_second,5
1847,201900478,a5,1,2_second,5
1848,201900492,a5,9,2_second,5
1849,201900520,a5,5,2_second,5
1850,201900571,a5,5,2_second,5
1851,201900574,a5,5,2_second,5
1852,201900591,a5,5,2_second,5
1853,201900595,a5,1,2_second,5
1854,201900632,a5,5,2_second,5
1855,201900637,a5,7,2_second,5
1856,201900644,a5,5,2_second,5
1857,201900683,a5,1,2_second,5
1858,201900684,a5,1,2_second,5
1859,201900688,a5,5,2_second,5
1860,201900691,a5,7,2_second,5
1861,201900695,a5,5,2_second,5
1862,201900710,a5,1,2_second,5
1863,201900712,a5,5,2_second,5
1864,201900719,a5,5,2_second,5
1865,201900759,a5,2,2_second,5
1866,201900788,a5,5,2_second,5
1867,201900810,a5,8,2_second,5
1868,201900814,a5,5,2_second,5
1869,201900815,a5,5,2_second,5
1870,201900817,a5,1,2_second,5
1871,201900818,a5,1,2_second,5
1872,201900828,a5,7,2_second,5
1873,201900839,a5,5,2_second,5
1874,201900843,a5,5,2_second,5
1875,201900844,a5,5,2_second,5
1876,201900852,a5,1,2_second,5
1877,201900872,a5,5,2_second,5
1878,201900938,a5,5,2_second,5
1879,201900987,a5,5,2_second,5
1880,201900998,a5,5,2_second,5
1881,201901026,a5,5,2_second,5
1882,201901027,a5,2,2_second,5
1883,201901030,a5,6,2_second,5
1884,201901041,a5,5,2_second,5
1885,201901080,a5,5,2_second,5
1886,201901082,a5,7,2_second,5
1887,201901083,a5,7,2_second,5
1888,201901092,a5,5,2_second,5
1889,201901095,a5,5,2_second,5
1890,201901133,a5,5,2_second,5
1891,201901154,a5,5,2_second,5
1892,201901162,a5,5,2_second,5
1893,201901173,a5,7,2_second,5
1894,201901184,a5,5,2_second,5
1895,201901186,a5,5,2_second,5
1896,201901198,a5,5,2_second,5
1897,201901206,a5,7,2_second,5
1898,201901222,a5,1,2_second,5
1899,201901246,a5,6,2_second,5
1900,201901256,a5,1,2_second,5
1901,201901273,a5,6,2_second,5
1902,201901307,a5,5,2_second,5
1903,201901310,a5,5,2_second,5
1904,201901324,a5,1,2_second,5
1905,201901331,a5,6,2_second,5
1906,201901338,a5,5,2_second,5
1907,201901376,a5,1,2_second,5
1908,201901388,a5,9,2_second,5
1909,201901394,a5,4,2_second,5
1910,201901398,a5,7,2_second,5
1911,201901441,a5,6,2_second,5
1912,201901451,a5,5,2_second,5
1913,201901457,a5,7,2_second,5
1914,201901471,a5,1,2_second,5
1915,201901475,a5,8,2_second,5
1916,201901491,a5,5,2_second,5
1917,201901498,a5,5,2_second,5
1918,201901504,a5,7,2_second,5
1919,201901505,a5,4,2_second,5
1920,201901511,a5,2,2_second,5
1921,201901512,a5,5,2_second,5
1922,201901521,a5,7,2_second,5
1923,201901522,a5,2,2_second,5
1924,201901526,a5,7,2_second,5
1925,201901539,a5,5,2_second,5
1926,201901542,a5,7,2_second,5
1927,201901546,a5,7,2_second,5
1928,201901560,a5,7,2_second,5
1929,201901569,a5,6,2_second,5
1930,201901570,a5,5,2_second,5
1931,201901579,a5,5,2_second,5
1932,201901615,a5,7,2_second,5
1933,201901617,a5,5,2_second,5
1934,201901650,a5,5,2_second,5
1935,201901659,a5,7,2_second,5
1936,201901681,a5,5,2_second,5
1937,201901688,a5,9,2_second,5
1938,201901701,a5,1,2_second,5
1939,201901707,a5,4,2_second,5
1940,201901711,a5,5,2_second,5
1941,201901721,a5,5,2_second,5
1942,201901745,a5,6,2_second,5
1943,201901746,a5,5,2_second,5
1944,201901788,a5,4,2_second,5
1945,201901813,a5,7,2_second,5
1946,201901819,a5,7,2_second,5
1947,201901842,a5,1,2_second,5
1948,201901857,a5,5,2_second,5
1949,201901858,a5,5,2_second,5
1950,201901871,a5,5,2_second,5
1951,201901872,a5,5,2_second,5
1952,201901888,a5,1,2_second,5
1953,201901889,a5,7,2_second,5
1954,201901909,a5,4,2_second,5
1955,201901916,a5,5,2_second,5
1956,201901917,a5,7,2_second,5
1957,201901921,a5,1,2_second,5
1958,201901926,a5,1,2_second,5
1959,201901936,a5,5,2_second,5
1960,201901943,a5,1,2_second,5
1961,201901958,a5,5,2_second,5
1962,201901959,a5,9,2_second,5
1963,201901961,a5,5,2_second,5
1964,201901964,a5,5,2_second,5
1965,201901968,a5,4,2_second,5
1966,201901982,a5,1,2_second,5
1967,201901985,a5,5,2_second,5
1968,201901993,a5,5,2_second,5
1969,201902030,a5,9,2_second,5
1970,201902047,a5,5,2_second,5
1971,201902054,a5,1,2_second,5
1972,201902071,a5,6,2_second,5
1973,201902081,a5,5,2_second,5
1974,201902093,a5,6,2_second,5
1975,201902097,a5,7,2_second,5
1976,201902101,a5,1,2_second,5
1977,201902131,a5,5,2_second,5
1978,201902138,a5,5,2_second,5
1979,201902160,a5,5,2_second,5
1980,201902175,a5,6,2_second,5
1981,201902176,a5,5,2_second,5
1982,201902180,a5,5,2_second,5
1983,201902186,a5,7,2_second,5
1984,201902187,a5,1,2_second,5
1985,201902205,a5,7,2_second,5
1986,201902211,a5,5,2_second,5
1987,201902250,a5,1,2_second,5
1988,201902253,a5,1,2_second,5
1989,201902270,a5,5,2_second,5
1990,201902271,a5,5,2_second,5
1991,201902288,a5,5,2_second,5
1992,201902301,a5,5,2_second,5
1993,201902307,a5,7,2_second,5
1994,201902327,a5,5,2_second,5
1995,201902346,a5,7,2_second,5
1996,201902365,a5,4,2_second,5
1997,201902373,a5,7,2_second,5
1998,201902392,a5,5,2_second,5
1999,201902394,a5,7,2_second,5
2000,201900016,a6,7,1_first,6
2001,201900023,a6,4,1_first,6
2002,201900103,a6,4,1_first,6
2003,201900112,a6,5,1_first,6
2004,201900131,a6,5,1_first,6
2005,201900141,a6,6,1_first,6
2006,201900142,a6,5,1_first,6
2007,201900150,a6,7,1_first,6
2008,201900157,a6,7,1_first,6
2009,201900161,a6,5,1_first,6
2010,201900173,a6,5,1_first,6
2011,201900176,a6,5,1_first,6
2012,201900177,a6,1,1_first,6
2013,201900183,a6,5,1_first,6
2014,201900186,a6,6,1_first,6
2015,201900197,a6,1,1_first,6
2016,201900200,a6,5,1_first,6
2017,201900201,a6,2,1_first,6
2018,201900203,a6,6,1_first,6
2019,201900208,a6,7,1_first,6
2020,201900213,a6,7,1_first,6
2021,201900235,a6,5,1_first,6
2022,201900274,a6,5,1_first,6
2023,201900285,a6,5,1_first,6
2024,201900286,a6,4,1_first,6
2025,201900290,a6,2,1_first,6
2026,201900294,a6,5,1_first,6
2027,201900303,a6,1,1_first,6
2028,201900304,a6,5,1_first,6
2029,201900339,a6,2,1_first,6
2030,201900345,a6,7,1_first,6
2031,201900348,a6,5,1_first,6
2032,201900349,a6,1,1_first,6
2033,201900352,a6,7,1_first,6
2034,201900358,a6,5,1_first,6
2035,201900361,a6,4,1_first,6
2036,201900375,a6,7,1_first,6
2037,201900377,a6,2,1_first,6
2038,201900380,a6,5,1_first,6
2039,201900425,a6,1,1_first,6
2040,201900447,a6,2,1_first,6
2041,201900457,a6,5,1_first,6
2042,201900459,a6,7,1_first,6
2043,201900461,a6,5,1_first,6
2044,201900462,a6,5,1_first,6
2045,201900468,a6,1,1_first,6
2046,201900469,a6,5,1_first,6
2047,201900478,a6,5,1_first,6
2048,201900492,a6,7,1_first,6
2049,201900520,a6,2,1_first,6
2050,201900571,a6,5,1_first,6
2051,201900574,a6,2,1_first,6
2052,201900591,a6,1,1_first,6
2053,201900595,a6,5,1_first,6
2054,201900632,a6,5,1_first,6
2055,201900637,a6,5,1_first,6
2056,201900644,a6,7,1_first,6
2057,201900683,a6,5,1_first,6
2058,201900684,a6,5,1_first,6
2059,201900688,a6,5,1_first,6
2060,201900691,a6,5,1_first,6
2061,201900695,a6,8,1_first,6
2062,201900710,a6,5,1_first,6
2063,201900712,a6,5,1_first,6
2064,201900719,a6,6,1_first,6
2065,201900759,a6,2,1_first,6
2066,201900788,a6,2,1_first,6
2067,201900810,a6,2,1_first,6
2068,201900814,a6,1,1_first,6
2069,201900815,a6,1,1_first,6
2070,201900817,a6,2,1_first,6
2071,201900818,a6,1,1_first,6
2072,201900828,a6,1,1_first,6
2073,201900839,a6,7,1_first,6
2074,201900843,a6,7,1_first,6
2075,201900844,a6,5,1_first,6
2076,201900852,a6,7,1_first,6
2077,201900872,a6,5,1_first,6
2078,201900938,a6,5,1_first,6
2079,201900987,a6,5,1_first,6
2080,201900998,a6,7,1_first,6
2081,201901026,a6,5,1_first,6
2082,201901027,a6,5,1_first,6
2083,201901030,a6,7,1_first,6
2084,201901041,a6,6,1_first,6
2085,201901080,a6,7,1_first,6
2086,201901082,a6,2,1_first,6
2087,201901083,a6,5,1_first,6
2088,201901092,a6,7,1_first,6
2089,201901095,a6,7,1_first,6
2090,201901133,a6,6,1_first,6
2091,201901154,a6,2,1_first,6
2092,201901162,a6,5,1_first,6
2093,201901173,a6,5,1_first,6
2094,201901184,a6,7,1_first,6
2095,201901186,a6,5,1_first,6
2096,201901198,a6,5,1_first,6
2097,201901206,a6,1,1_first,6
2098,201901222,a6,5,1_first,6
2099,201901246,a6,1,1_first,6
2100,201901256,a6,1,1_first,6
2101,201901273,a6,5,1_first,6
2102,201901307,a6,7,1_first,6
2103,201901310,a6,5,1_first,6
2104,201901324,a6,5,1_first,6
2105,201901331,a6,5,1_first,6
2106,201901338,a6,6,1_first,6
2107,201901376,a6,1,1_first,6
2108,201901388,a6,1,1_first,6
2109,201901394,a6,1,1_first,6
2110,201901398,a6,5,1_first,6
2111,201901441,a6,2,1_first,6
2112,201901451,a6,7,1_first,6
2113,201901457,a6,5,1_first,6
2114,201901471,a6,6,1_first,6
2115,201901475,a6,7,1_first,6
2116,201901491,a6,2,1_first,6
2117,201901498,a6,5,1_first,6
2118,201901504,a6,5,1_first,6
2119,201901505,a6,5,1_first,6
2120,201901511,a6,5,1_first,6
2121,201901512,a6,1,1_first,6
2122,201901521,a6,5,1_first,6
2123,201901522,a6,1,1_first,6
2124,201901526,a6,2,1_first,6
2125,201901539,a6,7,1_first,6
2126,201901542,a6,6,1_first,6
2127,201901546,a6,5,1_first,6
2128,201901560,a6,7,1_first,6
2129,201901569,a6,5,1_first,6
2130,201901570,a6,7,1_first,6
2131,201901579,a6,1,1_first,6
2132,201901615,a6,6,1_first,6
2133,201901617,a6,5,1_first,6
2134,201901650,a6,5,1_first,6
2135,201901659,a6,5,1_first,6
2136,201901681,a6,2,1_first,6
2137,201901688,a6,4,1_first,6
2138,201901701,a6,5,1_first,6
2139,201901707,a6,6,1_first,6
2140,201901711,a6,5,1_first,6
2141,201901721,a6,2,1_first,6
2142,201901745,a6,2,1_first,6
2143,201901746,a6,1,1_first,6
2144,201901788,a6,6,1_first,6
2145,201901813,a6,4,1_first,6
2146,201901819,a6,2,1_first,6
2147,201901842,a6,5,1_first,6
2148,201901857,a6,7,1_first,6
2149,201901858,a6,5,1_first,6
2150,201901871,a6,1,1_first,6
2151,201901872,a6,5,1_first,6
2152,201901888,a6,5,1_first,6
2153,201901889,a6,2,1_first,6
2154,201901909,a6,5,1_first,6
2155,201901916,a6,5,1_first,6
2156,201901917,a6,7,1_first,6
2157,201901921,a6,7,1_first,6
2158,201901926,a6,5,1_first,6
2159,201901936,a6,5,1_first,6
2160,201901943,a6,6,1_first,6
2161,201901958,a6,5,1_first,6
2162,201901959,a6,5,1_first,6
2163,201901961,a6,1,1_first,6
2164,201901964,a6,7,1_first,6
2165,201901968,a6,6,1_first,6
2166,201901982,a6,5,1_first,6
2167,201901985,a6,2,1_first,6
2168,201901993,a6,5,1_first,6
2169,201902030,a6,5,1_first,6
2170,201902047,a6,3,1_first,6
2171,201902054,a6,5,1_first,6
2172,201902071,a6,7,1_first,6
2173,201902081,a6,5,1_first,6
2174,201902093,a6,5,1_first,6
2175,201902097,a6,7,1_first,6
2176,201902101,a6,6,1_first,6
2177,201902131,a6,5,1_first,6
2178,201902138,a6,2,1_first,6
2179,201902160,a6,5,1_first,6
2180,201902175,a6,1,1_first,6
2181,201902176,a6,4,1_first,6
2182,201902180,a6,5,1_first,6
2183,201902186,a6,6,1_first,6
2184,201902187,a6,2,1_first,6
2185,201902205,a6,5,1_first,6
2186,201902211,a6,1,1_first,6
2187,201902250,a6,5,1_first,6
2188,201902253,a6,7,1_first,6
2189,201902270,a6,4,1_first,6
2190,201902271,a6,1,1_first,6
2191,201902288,a6,5,1_first,6
2192,201902301,a6,5,1_first,6
2193,201902307,a6,1,1_first,6
2194,201902327,a6,1,1_first,6
2195,201902346,a6,5,1_first,6
2196,201902365,a6,6,1_first,6
2197,201902373,a6,1,1_first,6
2198,201902392,a6,5,1_first,6
2199,201902394,a6,2,1_first,6
2200,201900016,a6,1,2_second,6
2201,201900023,a6,1,2_second,6
2202,201900103,a6,2,2_second,6
2203,201900112,a6,5,2_second,6
2204,201900131,a6,1,2_second,6
2205,201900141,a6,5,2_second,6
2206,201900142,a6,1,2_second,6
2207,201900150,a6,5,2_second,6
2208,201900157,a6,4,2_second,6
2209,201900161,a6,1,2_second,6
2210,201900173,a6,1,2_second,6
2211,201900176,a6,5,2_second,6
2212,201900177,a6,1,2_second,6
2213,201900183,a6,7,2_second,6
2214,201900186,a6,1,2_second,6
2215,201900197,a6,6,2_second,6
2216,201900200,a6,5,2_second,6
2217,201900201,a6,5,2_second,6
2218,201900203,a6,1,2_second,6
2219,201900208,a6,7,2_second,6
2220,201900213,a6,5,2_second,6
2221,201900235,a6,4,2_second,6
2222,201900274,a6,4,2_second,6
2223,201900285,a6,5,2_second,6
2224,201900286,a6,5,2_second,6
2225,201900290,a6,5,2_second,6
2226,201900294,a6,7,2_second,6
2227,201900303,a6,7,2_second,6
2228,201900304,a6,6,2_second,6
2229,201900339,a6,1,2_second,6
2230,201900345,a6,4,2_second,6
2231,201900348,a6,7,2_second,6
2232,201900349,a6,9,2_second,6
2233,201900352,a6,1,2_second,6
2234,201900358,a6,5,2_second,6
2235,201900361,a6,5,2_second,6
2236,201900375,a6,6,2_second,6
2237,201900377,a6,5,2_second,6
2238,201900380,a6,1,2_second,6
2239,201900425,a6,9,2_second,6
2240,201900447,a6,5,2_second,6
2241,201900457,a6,2,2_second,6
2242,201900459,a6,5,2_second,6
2243,201900461,a6,5,2_second,6
2244,201900462,a6,6,2_second,6
2245,201900468,a6,5,2_second,6
2246,201900469,a6,5,2_second,6
2247,201900478,a6,6,2_second,6
2248,201900492,a6,7,2_second,6
2249,201900520,a6,5,2_second,6
2250,201900571,a6,5,2_second,6
2251,201900574,a6,6,2_second,6
2252,201900591,a6,1,2_second,6
2253,201900595,a6,5,2_second,6
2254,201900632,a6,5,2_second,6
2255,201900637,a6,5,2_second,6
2256,201900644,a6,5,2_second,6
2257,201900683,a6,5,2_second,6
2258,201900684,a6,7,2_second,6
2259,201900688,a6,5,2_second,6
2260,201900691,a6,6,2_second,6
2261,201900695,a6,5,2_second,6
2262,201900710,a6,5,2_second,6
2263,201900712,a6,1,2_second,6
2264,201900719,a6,5,2_second,6
2265,201900759,a6,9,2_second,6
2266,201900788,a6,7,2_second,6
2267,201900810,a6,2,2_second,6
2268,201900814,a6,7,2_second,6
2269,201900815,a6,7,2_second,6
2270,201900817,a6,9,2_second,6
2271,201900818,a6,7,2_second,6
2272,201900828,a6,1,2_second,6
2273,201900839,a6,6,2_second,6
2274,201900843,a6,1,2_second,6
2275,201900844,a6,1,2_second,6
2276,201900852,a6,4,2_second,6
2277,201900872,a6,5,2_second,6
2278,201900938,a6,3,2_second,6
2279,201900987,a6,5,2_second,6
2280,201900998,a6,5,2_second,6
2281,201901026,a6,7,2_second,6
2282,201901027,a6,7,2_second,6
2283,201901030,a6,5,2_second,6
2284,201901041,a6,7,2_second,6
2285,201901080,a6,5,2_second,6
2286,201901082,a6,5,2_second,6
2287,201901083,a6,5,2_second,6
2288,201901092,a6,5,2_second,6
2289,201901095,a6,7,2_second,6
2290,201901133,a6,7,2_second,6
2291,201901154,a6,1,2_second,6
2292,201901162,a6,7,2_second,6
2293,201901173,a6,4,2_second,6
2294,201901184,a6,7,2_second,6
2295,201901186,a6,1,2_second,6
2296,201901198,a6,2,2_second,6
2297,201901206,a6,5,2_second,6
2298,201901222,a6,5,2_second,6
2299,201901246,a6,1,2_second,6
2300,201901256,a6,9,2_second,6
2301,201901273,a6,7,2_second,6
2302,201901307,a6,5,2_second,6
2303,201901310,a6,5,2_second,6
2304,201901324,a6,7,2_second,6
2305,201901331,a6,7,2_second,6
2306,201901338,a6,4,2_second,6
2307,201901376,a6,5,2_second,6
2308,201901388,a6,5,2_second,6
2309,201901394,a6,9,2_second,6
2310,201901398,a6,1,2_second,6
2311,201901441,a6,5,2_second,6
2312,201901451,a6,7,2_second,6
2313,201901457,a6,5,2_second,6
2314,201901471,a6,5,2_second,6
2315,201901475,a6,5,2_second,6
2316,201901491,a6,9,2_second,6
2317,201901498,a6,7,2_second,6
2318,201901504,a6,4,2_second,6
2319,201901505,a6,5,2_second,6
2320,201901511,a6,5,2_second,6
2321,201901512,a6,5,2_second,6
2322,201901521,a6,1,2_second,6
2323,201901522,a6,5,2_second,6
2324,201901526,a6,5,2_second,6
2325,201901539,a6,7,2_second,6
2326,201901542,a6,5,2_second,6
2327,201901546,a6,5,2_second,6
2328,201901560,a6,5,2_second,6
2329,201901569,a6,7,2_second,6
2330,201901570,a6,7,2_second,6
2331,201901579,a6,9,2_second,6
2332,201901615,a6,4,2_second,6
2333,201901617,a6,6,2_second,6
2334,201901650,a6,7,2_second,6
2335,201901659,a6,7,2_second,6
2336,201901681,a6,5,2_second,6
2337,201901688,a6,7,2_second,6
2338,201901701,a6,7,2_second,6
2339,201901707,a6,5,2_second,6
2340,201901711,a6,4,2_second,6
2341,201901721,a6,1,2_second,6
2342,201901745,a6,1,2_second,6
2343,201901746,a6,7,2_second,6
2344,201901788,a6,1,2_second,6
2345,201901813,a6,5,2_second,6
2346,201901819,a6,5,2_second,6
2347,201901842,a6,5,2_second,6
2348,201901857,a6,7,2_second,6
2349,201901858,a6,1,2_second,6
2350,201901871,a6,5,2_second,6
2351,201901872,a6,7,2_second,6
2352,201901888,a6,1,2_second,6
2353,201901889,a6,6,2_second,6
2354,201901909,a6,6,2_second,6
2355,201901916,a6,1,2_second,6
2356,201901917,a6,1,2_second,6
2357,201901921,a6,5,2_second,6
2358,201901926,a6,5,2_second,6
2359,201901936,a6,6,2_second,6
2360,201901943,a6,5,2_second,6
2361,201901958,a6,6,2_second,6
2362,201901959,a6,5,2_second,6
2363,201901961,a6,5,2_second,6
2364,201901964,a6,1,2_second,6
2365,201901968,a6,5,2_second,6
2366,201901982,a6,5,2_second,6
2367,201901985,a6,9,2_second,6
2368,201901993,a6,5,2_second,6
2369,201902030,a6,5,2_second,6
2370,201902047,a6,5,2_second,6
2371,201902054,a6,7,2_second,6
2372,201902071,a6,7,2_second,6
2373,201902081,a6,5,2_second,6
2374,201902093,a6,6,2_second,6
2375,201902097,a6,5,2_second,6
2376,201902101,a6,7,2_second,6
2377,201902131,a6,5,2_second,6
2378,201902138,a6,9,2_second,6
2379,201902160,a6,2,2_second,6
2380,201902175,a6,5,2_second,6
2381,201902176,a6,1,2_second,6
2382,201902180,a6,7,2_second,6
2383,201902186,a6,1,2_second,6
2384,201902187,a6,1,2_second,6
2385,201902205,a6,2,2_second,6
2386,201902211,a6,9,2_second,6
2387,201902250,a6,5,2_second,6
2388,201902253,a6,7,2_second,6
2389,201902270,a6,5,2_second,6
2390,201902271,a6,7,2_second,6
2391,201902288,a6,7,2_second,6
2392,201902301,a6,5,2_second,6
2393,201902307,a6,1,2_second,6
2394,201902327,a6,5,2_second,6
2395,201902346,a6,7,2_second,6
2396,201902365,a6,5,2_second,6
2397,201902373,a6,5,2_second,6
2398,201902392,a6,7,2_second,6
2399,201902394,a6,9,2_second,6
2400,201900016,a7,5,1_first,7
2401,201900023,a7,1,1_first,7
2402,201900103,a7,6,1_first,7
2403,201900112,a7,6,1_first,7
2404,201900131,a7,5,1_first,7
2405,201900141,a7,7,1_first,7
2406,201900142,a7,6,1_first,7
2407,201900150,a7,7,1_first,7
2408,201900157,a7,5,1_first,7
2409,201900161,a7,5,1_first,7
2410,201900173,a7,1,1_first,7
2411,201900176,a7,5,1_first,7
2412,201900177,a7,6,1_first,7
2413,201900183,a7,6,1_first,7
2414,201900186,a7,6,1_first,7
2415,201900197,a7,4,1_first,7
2416,201900200,a7,5,1_first,7
2417,201900201,a7,1,1_first,7
2418,201900203,a7,1,1_first,7
2419,201900208,a7,5,1_first,7
2420,201900213,a7,7,1_first,7
2421,201900235,a7,4,1_first,7
2422,201900274,a7,7,1_first,7
2423,201900285,a7,7,1_first,7
2424,201900286,a7,1,1_first,7
2425,201900290,a7,5,1_first,7
2426,201900294,a7,7,1_first,7
2427,201900303,a7,5,1_first,7
2428,201900304,a7,4,1_first,7
2429,201900339,a7,5,1_first,7
2430,201900345,a7,5,1_first,7
2431,201900348,a7,1,1_first,7
2432,201900349,a7,5,1_first,7
2433,201900352,a7,2,1_first,7
2434,201900358,a7,7,1_first,7
2435,201900361,a7,6,1_first,7
2436,201900375,a7,1,1_first,7
2437,201900377,a7,6,1_first,7
2438,201900380,a7,"""",1_first,7
2439,201900425,a7,5,1_first,7
2440,201900447,a7,6,1_first,7
2441,201900457,a7,7,1_first,7
2442,201900459,a7,5,1_first,7
2443,201900461,a7,1,1_first,7
2444,201900462,a7,"""",1_first,7
2445,201900468,a7,5,1_first,7
2446,201900469,a7,5,1_first,7
2447,201900478,a7,7,1_first,7
2448,201900492,a7,7,1_first,7
2449,201900520,a7,2,1_first,7
2450,201900571,a7,4,1_first,7
2451,201900574,a7,1,1_first,7
2452,201900591,a7,2,1_first,7
2453,201900595,a7,6,1_first,7
2454,201900632,a7,5,1_first,7
2455,201900637,a7,7,1_first,7
2456,201900644,a7,6,1_first,7
2457,201900683,a7,5,1_first,7
2458,201900684,a7,5,1_first,7
2459,201900688,a7,5,1_first,7
2460,201900691,a7,2,1_first,7
2461,201900695,a7,5,1_first,7
2462,201900710,a7,1,1_first,7
2463,201900712,a7,7,1_first,7
2464,201900719,a7,6,1_first,7
2465,201900759,a7,7,1_first,7
2466,201900788,a7,6,1_first,7
2467,201900810,a7,4,1_first,7
2468,201900814,a7,3,1_first,7
2469,201900815,a7,5,1_first,7
2470,201900817,a7,4,1_first,7
2471,201900818,a7,2,1_first,7
2472,201900828,a7,7,1_first,7
2473,201900839,a7,5,1_first,7
2474,201900843,a7,5,1_first,7
2475,201900844,a7,1,1_first,7
2476,201900852,a7,2,1_first,7
2477,201900872,a7,7,1_first,7
2478,201900938,a7,1,1_first,7
2479,201900987,a7,7,1_first,7
2480,201900998,a7,5,1_first,7
2481,201901026,a7,6,1_first,7
2482,201901027,a7,2,1_first,7
2483,201901030,a7,5,1_first,7
2484,201901041,a7,7,1_first,7
2485,201901080,a7,7,1_first,7
2486,201901082,a7,7,1_first,7
2487,201901083,a7,2,1_first,7
2488,201901092,a7,1,1_first,7
2489,201901095,a7,5,1_first,7
2490,201901133,a7,1,1_first,7
2491,201901154,a7,5,1_first,7
2492,201901162,a7,6,1_first,7
2493,201901173,a7,6,1_first,7
2494,201901184,a7,2,1_first,7
2495,201901186,a7,7,1_first,7
2496,201901198,a7,6,1_first,7
2497,201901206,a7,2,1_first,7
2498,201901222,a7,1,1_first,7
2499,201901246,a7,1,1_first,7
2500,201901256,a7,4,1_first,7
2501,201901273,a7,7,1_first,7
2502,201901307,a7,2,1_first,7
2503,201901310,a7,1,1_first,7
2504,201901324,a7,5,1_first,7
2505,201901331,a7,3,1_first,7
2506,201901338,a7,5,1_first,7
2507,201901376,a7,4,1_first,7
2508,201901388,a7,7,1_first,7
2509,201901394,a7,5,1_first,7
2510,201901398,a7,1,1_first,7
2511,201901441,a7,5,1_first,7
2512,201901451,a7,5,1_first,7
2513,201901457,a7,6,1_first,7
2514,201901471,a7,7,1_first,7
2515,201901475,a7,1,1_first,7
2516,201901491,a7,5,1_first,7
2517,201901498,a7,5,1_first,7
2518,201901504,a7,5,1_first,7
2519,201901505,a7,5,1_first,7
2520,201901511,a7,5,1_first,7
2521,201901512,a7,5,1_first,7
2522,201901521,a7,7,1_first,7
2523,201901522,a7,7,1_first,7
2524,201901526,a7,5,1_first,7
2525,201901539,a7,1,1_first,7
2526,201901542,a7,"""",1_first,7
2527,201901546,a7,5,1_first,7
2528,201901560,a7,7,1_first,7
2529,201901569,a7,5,1_first,7
2530,201901570,a7,5,1_first,7
2531,201901579,a7,1,1_first,7
2532,201901615,a7,7,1_first,7
2533,201901617,a7,4,1_first,7
2534,201901650,a7,7,1_first,7
2535,201901659,a7,2,1_first,7
2536,201901681,a7,1,1_first,7
2537,201901688,a7,1,1_first,7
2538,201901701,a7,1,1_first,7
2539,201901707,a7,5,1_first,7
2540,201901711,a7,7,1_first,7
2541,201901721,a7,5,1_first,7
2542,201901745,a7,2,1_first,7
2543,201901746,a7,5,1_first,7
2544,201901788,a7,5,1_first,7
2545,201901813,a7,8,1_first,7
2546,201901819,a7,5,1_first,7
2547,201901842,a7,5,1_first,7
2548,201901857,a7,7,1_first,7
2549,201901858,a7,2,1_first,7
2550,201901871,a7,7,1_first,7
2551,201901872,a7,5,1_first,7
2552,201901888,a7,5,1_first,7
2553,201901889,a7,7,1_first,7
2554,201901909,a7,5,1_first,7
2555,201901916,a7,5,1_first,7
2556,201901917,a7,2,1_first,7
2557,201901921,a7,5,1_first,7
2558,201901926,a7,4,1_first,7
2559,201901936,a7,7,1_first,7
2560,201901943,a7,7,1_first,7
2561,201901958,a7,5,1_first,7
2562,201901959,a7,1,1_first,7
2563,201901961,a7,5,1_first,7
2564,201901964,a7,5,1_first,7
2565,201901968,a7,6,1_first,7
2566,201901982,a7,4,1_first,7
2567,201901985,a7,6,1_first,7
2568,201901993,a7,7,1_first,7
2569,201902030,a7,5,1_first,7
2570,201902047,a7,7,1_first,7
2571,201902054,a7,5,1_first,7
2572,201902071,a7,7,1_first,7
2573,201902081,a7,5,1_first,7
2574,201902093,a7,5,1_first,7
2575,201902097,a7,1,1_first,7
2576,201902101,a7,2,1_first,7
2577,201902131,a7,5,1_first,7
2578,201902138,a7,1,1_first,7
2579,201902160,a7,7,1_first,7
2580,201902175,a7,7,1_first,7
2581,201902176,a7,5,1_first,7
2582,201902180,a7,5,1_first,7
2583,201902186,a7,7,1_first,7
2584,201902187,a7,8,1_first,7
2585,201902205,a7,6,1_first,7
2586,201902211,a7,6,1_first,7
2587,201902250,a7,7,1_first,7
2588,201902253,a7,2,1_first,7
2589,201902270,a7,7,1_first,7
2590,201902271,a7,2,1_first,7
2591,201902288,a7,1,1_first,7
2592,201902301,a7,5,1_first,7
2593,201902307,a7,5,1_first,7
2594,201902327,a7,1,1_first,7
2595,201902346,a7,5,1_first,7
2596,201902365,a7,5,1_first,7
2597,201902373,a7,2,1_first,7
2598,201902392,a7,2,1_first,7
2599,201902394,a7,7,1_first,7
2600,201900016,a7,5,2_second,7
2601,201900023,a7,5,2_second,7
2602,201900103,a7,1,2_second,7
2603,201900112,a7,7,2_second,7
2604,201900131,a7,5,2_second,7
2605,201900141,a7,8,2_second,7
2606,201900142,a7,1,2_second,7
2607,201900150,a7,5,2_second,7
2608,201900157,a7,7,2_second,7
2609,201900161,a7,1,2_second,7
2610,201900173,a7,7,2_second,7
2611,201900176,a7,7,2_second,7
2612,201900177,a7,9,2_second,7
2613,201900183,a7,4,2_second,7
2614,201900186,a7,5,2_second,7
2615,201900197,a7,5,2_second,7
2616,201900200,a7,2,2_second,7
2617,201900201,a7,4,2_second,7
2618,201900203,a7,6,2_second,7
2619,201900208,a7,7,2_second,7
2620,201900213,a7,5,2_second,7
2621,201900235,a7,2,2_second,7
2622,201900274,a7,5,2_second,7
2623,201900285,a7,6,2_second,7
2624,201900286,a7,5,2_second,7
2625,201900290,a7,5,2_second,7
2626,201900294,a7,6,2_second,7
2627,201900303,a7,5,2_second,7
2628,201900304,a7,5,2_second,7
2629,201900339,a7,5,2_second,7
2630,201900345,a7,5,2_second,7
2631,201900348,a7,9,2_second,7
2632,201900349,a7,6,2_second,7
2633,201900352,a7,5,2_second,7
2634,201900358,a7,5,2_second,7
2635,201900361,a7,9,2_second,7
2636,201900375,a7,2,2_second,7
2637,201900377,a7,5,2_second,7
2638,201900380,a7,1,2_second,7
2639,201900425,a7,1,2_second,7
2640,201900447,a7,9,2_second,7
2641,201900457,a7,5,2_second,7
2642,201900459,a7,7,2_second,7
2643,201900461,a7,4,2_second,7
2644,201900462,a7,1,2_second,7
2645,201900468,a7,5,2_second,7
2646,201900469,a7,5,2_second,7
2647,201900478,a7,5,2_second,7
2648,201900492,a7,6,2_second,7
2649,201900520,a7,7,2_second,7
2650,201900571,a7,7,2_second,7
2651,201900574,a7,7,2_second,7
2652,201900591,a7,1,2_second,7
2653,201900595,a7,8,2_second,7
2654,201900632,a7,1,2_second,7
2655,201900637,a7,5,2_second,7
2656,201900644,a7,5,2_second,7
2657,201900683,a7,6,2_second,7
2658,201900684,a7,5,2_second,7
2659,201900688,a7,5,2_second,7
2660,201900691,a7,5,2_second,7
2661,201900695,a7,2,2_second,7
2662,201900710,a7,5,2_second,7
2663,201900712,a7,1,2_second,7
2664,201900719,a7,3,2_second,7
2665,201900759,a7,5,2_second,7
2666,201900788,a7,9,2_second,7
2667,201900810,a7,5,2_second,7
2668,201900814,a7,6,2_second,7
2669,201900815,a7,7,2_second,7
2670,201900817,a7,4,2_second,7
2671,201900818,a7,9,2_second,7
2672,201900828,a7,4,2_second,7
2673,201900839,a7,4,2_second,7
2674,201900843,a7,7,2_second,7
2675,201900844,a7,9,2_second,7
2676,201900852,a7,9,2_second,7
2677,201900872,a7,1,2_second,7
2678,201900938,a7,1,2_second,7
2679,201900987,a7,7,2_second,7
2680,201900998,a7,7,2_second,7
2681,201901026,a7,5,2_second,7
2682,201901027,a7,5,2_second,7
2683,201901030,a7,5,2_second,7
2684,201901041,a7,5,2_second,7
2685,201901080,a7,5,2_second,7
2686,201901082,a7,5,2_second,7
2687,201901083,a7,4,2_second,7
2688,201901092,a7,1,2_second,7
2689,201901095,a7,5,2_second,7
2690,201901133,a7,9,2_second,7
2691,201901154,a7,5,2_second,7
2692,201901162,a7,9,2_second,7
2693,201901173,a7,9,2_second,7
2694,201901184,a7,9,2_second,7
2695,201901186,a7,2,2_second,7
2696,201901198,a7,4,2_second,7
2697,201901206,a7,9,2_second,7
2698,201901222,a7,9,2_second,7
2699,201901246,a7,7,2_second,7
2700,201901256,a7,5,2_second,7
2701,201901273,a7,5,2_second,7
2702,201901307,a7,1,2_second,7
2703,201901310,a7,3,2_second,7
2704,201901324,a7,5,2_second,7
2705,201901331,a7,7,2_second,7
2706,201901338,a7,1,2_second,7
2707,201901376,a7,5,2_second,7
2708,201901388,a7,6,2_second,7
2709,201901394,a7,4,2_second,7
2710,201901398,a7,5,2_second,7
2711,201901441,a7,5,2_second,7
2712,201901451,a7,1,2_second,7
2713,201901457,a7,7,2_second,7
2714,201901471,a7,5,2_second,7
2715,201901475,a7,5,2_second,7
2716,201901491,a7,5,2_second,7
2717,201901498,a7,5,2_second,7
2718,201901504,a7,5,2_second,7
2719,201901505,a7,7,2_second,7
2720,201901511,a7,5,2_second,7
2721,201901512,a7,1,2_second,7
2722,201901521,a7,5,2_second,7
2723,201901522,a7,7,2_second,7
2724,201901526,a7,5,2_second,7
2725,201901539,a7,5,2_second,7
2726,201901542,a7,5,2_second,7
2727,201901546,a7,4,2_second,7
2728,201901560,a7,2,2_second,7
2729,201901569,a7,5,2_second,7
2730,201901570,a7,7,2_second,7
2731,201901579,a7,5,2_second,7
2732,201901615,a7,5,2_second,7
2733,201901617,a7,7,2_second,7
2734,201901650,a7,4,2_second,7
2735,201901659,a7,9,2_second,7
2736,201901681,a7,7,2_second,7
2737,201901688,a7,5,2_second,7
2738,201901701,a7,5,2_second,7
2739,201901707,a7,5,2_second,7
2740,201901711,a7,5,2_second,7
2741,201901721,a7,5,2_second,7
2742,201901745,a7,5,2_second,7
2743,201901746,a7,5,2_second,7
2744,201901788,a7,8,2_second,7
2745,201901813,a7,5,2_second,7
2746,201901819,a7,7,2_second,7
2747,201901842,a7,7,2_second,7
2748,201901857,a7,5,2_second,7
2749,201901858,a7,9,2_second,7
2750,201901871,a7,5,2_second,7
2751,201901872,a7,5,2_second,7
2752,201901888,a7,5,2_second,7
2753,201901889,a7,5,2_second,7
2754,201901909,a7,5,2_second,7
2755,201901916,a7,5,2_second,7
2756,201901917,a7,1,2_second,7
2757,201901921,a7,5,2_second,7
2758,201901926,a7,7,2_second,7
2759,201901936,a7,2,2_second,7
2760,201901943,a7,7,2_second,7
2761,201901958,a7,7,2_second,7
2762,201901959,a7,7,2_second,7
2763,201901961,a7,7,2_second,7
2764,201901964,a7,5,2_second,7
2765,201901968,a7,2,2_second,7
2766,201901982,a7,5,2_second,7
2767,201901985,a7,5,2_second,7
2768,201901993,a7,1,2_second,7
2769,201902030,a7,1,2_second,7
2770,201902047,a7,2,2_second,7
2771,201902054,a7,5,2_second,7
2772,201902071,a7,5,2_second,7
2773,201902081,a7,5,2_second,7
2774,201902093,a7,6,2_second,7
2775,201902097,a7,5,2_second,7
2776,201902101,a7,7,2_second,7
2777,201902131,a7,5,2_second,7
2778,201902138,a7,7,2_second,7
2779,201902160,a7,5,2_second,7
2780,201902175,a7,6,2_second,7
2781,201902176,a7,1,2_second,7
2782,201902180,a7,5,2_second,7
2783,201902186,a7,5,2_second,7
2784,201902187,a7,5,2_second,7
2785,201902205,a7,7,2_second,7
2786,201902211,a7,1,2_second,7
2787,201902250,a7,5,2_second,7
2788,201902253,a7,1,2_second,7
2789,201902270,a7,5,2_second,7
2790,201902271,a7,7,2_second,7
2791,201902288,a7,9,2_second,7
2792,201902301,a7,5,2_second,7
2793,201902307,a7,5,2_second,7
2794,201902327,a7,5,2_second,7
2795,201902346,a7,5,2_second,7
2796,201902365,a7,6,2_second,7
2797,201902373,a7,5,2_second,7
2798,201902392,a7,1,2_second,7
2799,201902394,a7,5,2_second,7
2800,201900016,a8,1,1_first,8
2801,201900023,a8,5,1_first,8
2802,201900103,a8,5,1_first,8
2803,201900112,a8,6,1_first,8
2804,201900131,a8,6,1_first,8
2805,201900141,a8,1,1_first,8
2806,201900142,a8,7,1_first,8
2807,201900150,a8,1,1_first,8
2808,201900157,a8,7,1_first,8
2809,201900161,a8,7,1_first,8
2810,201900173,a8,5,1_first,8
2811,201900176,a8,5,1_first,8
2812,201900177,a8,7,1_first,8
2813,201900183,a8,5,1_first,8
2814,201900186,a8,7,1_first,8
2815,201900197,a8,7,1_first,8
2816,201900200,a8,5,1_first,8
2817,201900201,a8,5,1_first,8
2818,201900203,a8,2,1_first,8
2819,201900208,a8,7,1_first,8
2820,201900213,a8,5,1_first,8
2821,201900235,a8,5,1_first,8
2822,201900274,a8,6,1_first,8
2823,201900285,a8,6,1_first,8
2824,201900286,a8,5,1_first,8
2825,201900290,a8,5,1_first,8
2826,201900294,a8,1,1_first,8
2827,201900303,a8,5,1_first,8
2828,201900304,a8,5,1_first,8
2829,201900339,a8,5,1_first,8
2830,201900345,a8,5,1_first,8
2831,201900348,a8,7,1_first,8
2832,201900349,a8,5,1_first,8
2833,201900352,a8,5,1_first,8
2834,201900358,a8,3,1_first,8
2835,201900361,a8,5,1_first,8
2836,201900375,a8,5,1_first,8
2837,201900377,a8,4,1_first,8
2838,201900380,a8,5,1_first,8
2839,201900425,a8,1,1_first,8
2840,201900447,a8,6,1_first,8
2841,201900457,a8,5,1_first,8
2842,201900459,a8,5,1_first,8
2843,201900461,a8,1,1_first,8
2844,201900462,a8,1,1_first,8
2845,201900468,a8,7,1_first,8
2846,201900469,a8,5,1_first,8
2847,201900478,a8,2,1_first,8
2848,201900492,a8,5,1_first,8
2849,201900520,a8,5,1_first,8
2850,201900571,a8,5,1_first,8
2851,201900574,a8,1,1_first,8
2852,201900591,a8,5,1_first,8
2853,201900595,a8,7,1_first,8
2854,201900632,a8,5,1_first,8
2855,201900637,a8,5,1_first,8
2856,201900644,a8,5,1_first,8
2857,201900683,a8,7,1_first,8
2858,201900684,a8,5,1_first,8
2859,201900688,a8,1,1_first,8
2860,201900691,a8,5,1_first,8
2861,201900695,a8,5,1_first,8
2862,201900710,a8,5,1_first,8
2863,201900712,a8,1,1_first,8
2864,201900719,a8,7,1_first,8
2865,201900759,a8,5,1_first,8
2866,201900788,a8,5,1_first,8
2867,201900810,a8,7,1_first,8
2868,201900814,a8,7,1_first,8
2869,201900815,a8,4,1_first,8
2870,201900817,a8,5,1_first,8
2871,201900818,a8,5,1_first,8
2872,201900828,a8,7,1_first,8
2873,201900839,a8,4,1_first,8
2874,201900843,a8,5,1_first,8
2875,201900844,a8,7,1_first,8
2876,201900852,a8,7,1_first,8
2877,201900872,a8,7,1_first,8
2878,201900938,a8,5,1_first,8
2879,201900987,a8,5,1_first,8
2880,201900998,a8,6,1_first,8
2881,201901026,a8,2,1_first,8
2882,201901027,a8,3,1_first,8
2883,201901030,a8,4,1_first,8
2884,201901041,a8,5,1_first,8
2885,201901080,a8,5,1_first,8
2886,201901082,a8,2,1_first,8
2887,201901083,a8,2,1_first,8
2888,201901092,a8,5,1_first,8
2889,201901095,a8,5,1_first,8
2890,201901133,a8,1,1_first,8
2891,201901154,a8,5,1_first,8
2892,201901162,a8,7,1_first,8
2893,201901173,a8,5,1_first,8
2894,201901184,a8,7,1_first,8
2895,201901186,a8,5,1_first,8
2896,201901198,a8,1,1_first,8
2897,201901206,a8,7,1_first,8
2898,201901222,a8,6,1_first,8
2899,201901246,a8,5,1_first,8
2900,201901256,a8,2,1_first,8
2901,201901273,a8,7,1_first,8
2902,201901307,a8,5,1_first,8
2903,201901310,a8,7,1_first,8
2904,201901324,a8,1,1_first,8
2905,201901331,a8,2,1_first,8
2906,201901338,a8,4,1_first,8
2907,201901376,a8,7,1_first,8
2908,201901388,a8,7,1_first,8
2909,201901394,a8,2,1_first,8
2910,201901398,a8,5,1_first,8
2911,201901441,a8,2,1_first,8
2912,201901451,a8,5,1_first,8
2913,201901457,a8,5,1_first,8
2914,201901471,a8,5,1_first,8
2915,201901475,a8,6,1_first,8
2916,201901491,a8,4,1_first,8
2917,201901498,a8,6,1_first,8
2918,201901504,a8,4,1_first,8
2919,201901505,a8,5,1_first,8
2920,201901511,a8,7,1_first,8
2921,201901512,a8,6,1_first,8
2922,201901521,a8,8,1_first,8
2923,201901522,a8,7,1_first,8
2924,201901526,a8,4,1_first,8
2925,201901539,a8,5,1_first,8
2926,201901542,a8,7,1_first,8
2927,201901546,a8,7,1_first,8
2928,201901560,a8,5,1_first,8
2929,201901569,a8,6,1_first,8
2930,201901570,a8,7,1_first,8
2931,201901579,a8,1,1_first,8
2932,201901615,a8,5,1_first,8
2933,201901617,a8,4,1_first,8
2934,201901650,a8,2,1_first,8
2935,201901659,a8,5,1_first,8
2936,201901681,a8,1,1_first,8
2937,201901688,a8,1,1_first,8
2938,201901701,a8,5,1_first,8
2939,201901707,a8,6,1_first,8
2940,201901711,a8,7,1_first,8
2941,201901721,a8,5,1_first,8
2942,201901745,a8,1,1_first,8
2943,201901746,a8,6,1_first,8
2944,201901788,a8,7,1_first,8
2945,201901813,a8,1,1_first,8
2946,201901819,a8,1,1_first,8
2947,201901842,a8,2,1_first,8
2948,201901857,a8,1,1_first,8
2949,201901858,a8,7,1_first,8
2950,201901871,a8,5,1_first,8
2951,201901872,a8,5,1_first,8
2952,201901888,a8,5,1_first,8
2953,201901889,a8,7,1_first,8
2954,201901909,a8,5,1_first,8
2955,201901916,a8,5,1_first,8
2956,201901917,a8,5,1_first,8
2957,201901921,a8,1,1_first,8
2958,201901926,a8,7,1_first,8
2959,201901936,a8,5,1_first,8
2960,201901943,a8,7,1_first,8
2961,201901958,a8,7,1_first,8
2962,201901959,a8,4,1_first,8
2963,201901961,a8,5,1_first,8
2964,201901964,a8,1,1_first,8
2965,201901968,a8,7,1_first,8
2966,201901982,a8,7,1_first,8
2967,201901985,a8,7,1_first,8
2968,201901993,a8,7,1_first,8
2969,201902030,a8,7,1_first,8
2970,201902047,a8,7,1_first,8
2971,201902054,a8,5,1_first,8
2972,201902071,a8,5,1_first,8
2973,201902081,a8,5,1_first,8
2974,201902093,a8,5,1_first,8
2975,201902097,a8,7,1_first,8
2976,201902101,a8,2,1_first,8
2977,201902131,a8,7,1_first,8
2978,201902138,a8,7,1_first,8
2979,201902160,a8,2,1_first,8
2980,201902175,a8,5,1_first,8
2981,201902176,a8,5,1_first,8
2982,201902180,a8,5,1_first,8
2983,201902186,a8,5,1_first,8
2984,201902187,a8,5,1_first,8
2985,201902205,a8,1,1_first,8
2986,201902211,a8,5,1_first,8
2987,201902250,a8,6,1_first,8
2988,201902253,a8,4,1_first,8
2989,201902270,a8,5,1_first,8
2990,201902271,a8,1,1_first,8
2991,201902288,a8,2,1_first,8
2992,201902301,a8,7,1_first,8
2993,201902307,a8,7,1_first,8
2994,201902327,a8,5,1_first,8
2995,201902346,a8,7,1_first,8
2996,201902365,a8,2,1_first,8
2997,201902373,a8,7,1_first,8
2998,201902392,a8,7,1_first,8
2999,201902394,a8,5,1_first,8
3000,201900016,a8,1,2_second,8
3001,201900023,a8,6,2_second,8
3002,201900103,a8,5,2_second,8
3003,201900112,a8,9,2_second,8
3004,201900131,a8,5,2_second,8
3005,201900141,a8,5,2_second,8
3006,201900142,a8,7,2_second,8
3007,201900150,a8,1,2_second,8
3008,201900157,a8,2,2_second,8
3009,201900161,a8,7,2_second,8
3010,201900173,a8,7,2_second,8
3011,201900176,a8,5,2_second,8
3012,201900177,a8,4,2_second,8
3013,201900183,a8,5,2_second,8
3014,201900186,a8,7,2_second,8
3015,201900197,a8,4,2_second,8
3016,201900200,a8,7,2_second,8
3017,201900201,a8,5,2_second,8
3018,201900203,a8,7,2_second,8
3019,201900208,a8,5,2_second,8
3020,201900213,a8,5,2_second,8
3021,201900235,a8,5,2_second,8
3022,201900274,a8,5,2_second,8
3023,201900285,a8,7,2_second,8
3024,201900286,a8,1,2_second,8
3025,201900290,a8,7,2_second,8
3026,201900294,a8,7,2_second,8
3027,201900303,a8,5,2_second,8
3028,201900304,a8,5,2_second,8
3029,201900339,a8,1,2_second,8
3030,201900345,a8,4,2_second,8
3031,201900348,a8,1,2_second,8
3032,201900349,a8,5,2_second,8
3033,201900352,a8,5,2_second,8
3034,201900358,a8,1,2_second,8
3035,201900361,a8,5,2_second,8
3036,201900375,a8,1,2_second,8
3037,201900377,a8,6,2_second,8
3038,201900380,a8,5,2_second,8
3039,201900425,a8,9,2_second,8
3040,201900447,a8,5,2_second,8
3041,201900457,a8,1,2_second,8
3042,201900459,a8,5,2_second,8
3043,201900461,a8,5,2_second,8
3044,201900462,a8,5,2_second,8
3045,201900468,a8,7,2_second,8
3046,201900469,a8,7,2_second,8
3047,201900478,a8,1,2_second,8
3048,201900492,a8,1,2_second,8
3049,201900520,a8,5,2_second,8
3050,201900571,a8,3,2_second,8
3051,201900574,a8,5,2_second,8
3052,201900591,a8,5,2_second,8
3053,201900595,a8,1,2_second,8
3054,201900632,a8,2,2_second,8
3055,201900637,a8,1,2_second,8
3056,201900644,a8,2,2_second,8
3057,201900683,a8,7,2_second,8
3058,201900684,a8,2,2_second,8
3059,201900688,a8,5,2_second,8
3060,201900691,a8,1,2_second,8
3061,201900695,a8,7,2_second,8
3062,201900710,a8,5,2_second,8
3063,201900712,a8,2,2_second,8
3064,201900719,a8,5,2_second,8
3065,201900759,a8,6,2_second,8
3066,201900788,a8,1,2_second,8
3067,201900810,a8,1,2_second,8
3068,201900814,a8,5,2_second,8
3069,201900815,a8,1,2_second,8
3070,201900817,a8,5,2_second,8
3071,201900818,a8,7,2_second,8
3072,201900828,a8,7,2_second,8
3073,201900839,a8,5,2_second,8
3074,201900843,a8,6,2_second,8
3075,201900844,a8,5,2_second,8
3076,201900852,a8,5,2_second,8
3077,201900872,a8,7,2_second,8
3078,201900938,a8,5,2_second,8
3079,201900987,a8,5,2_second,8
3080,201900998,a8,2,2_second,8
3081,201901026,a8,9,2_second,8
3082,201901027,a8,4,2_second,8
3083,201901030,a8,5,2_second,8
3084,201901041,a8,7,2_second,8
3085,201901080,a8,6,2_second,8
3086,201901082,a8,5,2_second,8
3087,201901083,a8,9,2_second,8
3088,201901092,a8,6,2_second,8
3089,201901095,a8,1,2_second,8
3090,201901133,a8,6,2_second,8
3091,201901154,a8,5,2_second,8
3092,201901162,a8,1,2_second,8
3093,201901173,a8,5,2_second,8
3094,201901184,a8,8,2_second,8
3095,201901186,a8,5,2_second,8
3096,201901198,a8,5,2_second,8
3097,201901206,a8,7,2_second,8
3098,201901222,a8,1,2_second,8
3099,201901246,a8,6,2_second,8
3100,201901256,a8,5,2_second,8
3101,201901273,a8,7,2_second,8
3102,201901307,a8,7,2_second,8
3103,201901310,a8,7,2_second,8
3104,201901324,a8,5,2_second,8
3105,201901331,a8,1,2_second,8
3106,201901338,a8,1,2_second,8
3107,201901376,a8,5,2_second,8
3108,201901388,a8,7,2_second,8
3109,201901394,a8,2,2_second,8
3110,201901398,a8,5,2_second,8
3111,201901441,a8,6,2_second,8
3112,201901451,a8,6,2_second,8
3113,201901457,a8,7,2_second,8
3114,201901471,a8,6,2_second,8
3115,201901475,a8,5,2_second,8
3116,201901491,a8,7,2_second,8
3117,201901498,a8,5,2_second,8
3118,201901504,a8,6,2_second,8
3119,201901505,a8,5,2_second,8
3120,201901511,a8,5,2_second,8
3121,201901512,a8,7,2_second,8
3122,201901521,a8,7,2_second,8
3123,201901522,a8,1,2_second,8
3124,201901526,a8,5,2_second,8
3125,201901539,a8,5,2_second,8
3126,201901542,a8,5,2_second,8
3127,201901546,a8,7,2_second,8
3128,201901560,a8,5,2_second,8
3129,201901569,a8,5,2_second,8
3130,201901570,a8,7,2_second,8
3131,201901579,a8,9,2_second,8
3132,201901615,a8,7,2_second,8
3133,201901617,a8,2,2_second,8
3134,201901650,a8,4,2_second,8
3135,201901659,a8,1,2_second,8
3136,201901681,a8,7,2_second,8
3137,201901688,a8,1,2_second,8
3138,201901701,a8,5,2_second,8
3139,201901707,a8,5,2_second,8
3140,201901711,a8,7,2_second,8
3141,201901721,a8,7,2_second,8
3142,201901745,a8,5,2_second,8
3143,201901746,a8,7,2_second,8
3144,201901788,a8,5,2_second,8
3145,201901813,a8,5,2_second,8
3146,201901819,a8,1,2_second,8
3147,201901842,a8,5,2_second,8
3148,201901857,a8,2,2_second,8
3149,201901858,a8,5,2_second,8
3150,201901871,a8,5,2_second,8
3151,201901872,a8,6,2_second,8
3152,201901888,a8,7,2_second,8
3153,201901889,a8,5,2_second,8
3154,201901909,a8,7,2_second,8
3155,201901916,a8,5,2_second,8
3156,201901917,a8,2,2_second,8
3157,201901921,a8,5,2_second,8
3158,201901926,a8,1,2_second,8
3159,201901936,a8,5,2_second,8
3160,201901943,a8,7,2_second,8
3161,201901958,a8,2,2_second,8
3162,201901959,a8,5,2_second,8
3163,201901961,a8,7,2_second,8
3164,201901964,a8,6,2_second,8
3165,201901968,a8,5,2_second,8
3166,201901982,a8,6,2_second,8
3167,201901985,a8,4,2_second,8
3168,201901993,a8,7,2_second,8
3169,201902030,a8,1,2_second,8
3170,201902047,a8,7,2_second,8
3171,201902054,a8,6,2_second,8
3172,201902071,a8,7,2_second,8
3173,201902081,a8,7,2_second,8
3174,201902093,a8,5,2_second,8
3175,201902097,a8,5,2_second,8
3176,201902101,a8,9,2_second,8
3177,201902131,a8,6,2_second,8
3178,201902138,a8,7,2_second,8
3179,201902160,a8,8,2_second,8
3180,201902175,a8,5,2_second,8
3181,201902176,a8,2,2_second,8
3182,201902180,a8,1,2_second,8
3183,201902186,a8,7,2_second,8
3184,201902187,a8,5,2_second,8
3185,201902205,a8,5,2_second,8
3186,201902211,a8,6,2_second,8
3187,201902250,a8,1,2_second,8
3188,201902253,a8,2,2_second,8
3189,201902270,a8,7,2_second,8
3190,201902271,a8,1,2_second,8
3191,201902288,a8,7,2_second,8
3192,201902301,a8,5,2_second,8
3193,201902307,a8,5,2_second,8
3194,201902327,a8,7,2_second,8
3195,201902346,a8,6,2_second,8
3196,201902365,a8,7,2_second,8
3197,201902373,a8,7,2_second,8
3198,201902392,a8,1,2_second,8
3199,201902394,a8,6,2_second,8
3200,201900016,a9,1,1_first,9
3201,201900023,a9,2,1_first,9
3202,201900103,a9,5,1_first,9
3203,201900112,a9,5,1_first,9
3204,201900131,a9,6,1_first,9
3205,201900141,a9,7,1_first,9
3206,201900142,a9,7,1_first,9
3207,201900150,a9,7,1_first,9
3208,201900157,a9,2,1_first,9
3209,201900161,a9,5,1_first,9
3210,201900173,a9,5,1_first,9
3211,201900176,a9,5,1_first,9
3212,201900177,a9,1,1_first,9
3213,201900183,a9,7,1_first,9
3214,201900186,a9,7,1_first,9
3215,201900197,a9,1,1_first,9
3216,201900200,a9,7,1_first,9
3217,201900201,a9,2,1_first,9
3218,201900203,a9,1,1_first,9
3219,201900208,a9,5,1_first,9
3220,201900213,a9,5,1_first,9
3221,201900235,a9,3,1_first,9
3222,201900274,a9,5,1_first,9
3223,201900285,a9,5,1_first,9
3224,201900286,a9,5,1_first,9
3225,201900290,a9,5,1_first,9
3226,201900294,a9,1,1_first,9
3227,201900303,a9,4,1_first,9
3228,201900304,a9,7,1_first,9
3229,201900339,a9,5,1_first,9
3230,201900345,a9,7,1_first,9
3231,201900348,a9,5,1_first,9
3232,201900349,a9,6,1_first,9
3233,201900352,a9,7,1_first,9
3234,201900358,a9,6,1_first,9
3235,201900361,a9,6,1_first,9
3236,201900375,a9,1,1_first,9
3237,201900377,a9,6,1_first,9
3238,201900380,a9,5,1_first,9
3239,201900425,a9,5,1_first,9
3240,201900447,a9,5,1_first,9
3241,201900457,a9,7,1_first,9
3242,201900459,a9,6,1_first,9
3243,201900461,a9,5,1_first,9
3244,201900462,a9,5,1_first,9
3245,201900468,a9,4,1_first,9
3246,201900469,a9,5,1_first,9
3247,201900478,a9,5,1_first,9
3248,201900492,a9,5,1_first,9
3249,201900520,a9,5,1_first,9
3250,201900571,a9,7,1_first,9
3251,201900574,a9,1,1_first,9
3252,201900591,a9,8,1_first,9
3253,201900595,a9,6,1_first,9
3254,201900632,a9,4,1_first,9
3255,201900637,a9,1,1_first,9
3256,201900644,a9,5,1_first,9
3257,201900683,a9,1,1_first,9
3258,201900684,a9,5,1_first,9
3259,201900688,a9,7,1_first,9
3260,201900691,a9,4,1_first,9
3261,201900695,a9,5,1_first,9
3262,201900710,a9,5,1_first,9
3263,201900712,a9,5,1_first,9
3264,201900719,a9,5,1_first,9
3265,201900759,a9,5,1_first,9
3266,201900788,a9,7,1_first,9
3267,201900810,a9,5,1_first,9
3268,201900814,a9,5,1_first,9
3269,201900815,a9,6,1_first,9
3270,201900817,a9,5,1_first,9
3271,201900818,a9,7,1_first,9
3272,201900828,a9,7,1_first,9
3273,201900839,a9,1,1_first,9
3274,201900843,a9,8,1_first,9
3275,201900844,a9,7,1_first,9
3276,201900852,a9,5,1_first,9
3277,201900872,a9,5,1_first,9
3278,201900938,a9,2,1_first,9
3279,201900987,a9,1,1_first,9
3280,201900998,a9,5,1_first,9
3281,201901026,a9,6,1_first,9
3282,201901027,a9,7,1_first,9
3283,201901030,a9,4,1_first,9
3284,201901041,a9,1,1_first,9
3285,201901080,a9,5,1_first,9
3286,201901082,a9,5,1_first,9
3287,201901083,a9,5,1_first,9
3288,201901092,a9,6,1_first,9
3289,201901095,a9,5,1_first,9
3290,201901133,a9,5,1_first,9
3291,201901154,a9,2,1_first,9
3292,201901162,a9,5,1_first,9
3293,201901173,a9,5,1_first,9
3294,201901184,a9,1,1_first,9
3295,201901186,a9,1,1_first,9
3296,201901198,a9,5,1_first,9
3297,201901206,a9,5,1_first,9
3298,201901222,a9,5,1_first,9
3299,201901246,a9,1,1_first,9
3300,201901256,a9,5,1_first,9
3301,201901273,a9,6,1_first,9
3302,201901307,a9,5,1_first,9
3303,201901310,a9,7,1_first,9
3304,201901324,a9,5,1_first,9
3305,201901331,a9,7,1_first,9
3306,201901338,a9,5,1_first,9
3307,201901376,a9,7,1_first,9
3308,201901388,a9,7,1_first,9
3309,201901394,a9,1,1_first,9
3310,201901398,a9,1,1_first,9
3311,201901441,a9,2,1_first,9
3312,201901451,a9,5,1_first,9
3313,201901457,a9,5,1_first,9
3314,201901471,a9,5,1_first,9
3315,201901475,a9,5,1_first,9
3316,201901491,a9,5,1_first,9
3317,201901498,a9,5,1_first,9
3318,201901504,a9,7,1_first,9
3319,201901505,a9,5,1_first,9
3320,201901511,a9,5,1_first,9
3321,201901512,a9,2,1_first,9
3322,201901521,a9,5,1_first,9
3323,201901522,a9,4,1_first,9
3324,201901526,a9,5,1_first,9
3325,201901539,a9,7,1_first,9
3326,201901542,a9,1,1_first,9
3327,201901546,a9,5,1_first,9
3328,201901560,a9,5,1_first,9
3329,201901569,a9,5,1_first,9
3330,201901570,a9,8,1_first,9
3331,201901579,a9,2,1_first,9
3332,201901615,a9,6,1_first,9
3333,201901617,a9,5,1_first,9
3334,201901650,a9,5,1_first,9
3335,201901659,a9,5,1_first,9
3336,201901681,a9,6,1_first,9
3337,201901688,a9,1,1_first,9
3338,201901701,a9,5,1_first,9
3339,201901707,a9,4,1_first,9
3340,201901711,a9,8,1_first,9
3341,201901721,a9,7,1_first,9
3342,201901745,a9,5,1_first,9
3343,201901746,a9,7,1_first,9
3344,201901788,a9,5,1_first,9
3345,201901813,a9,7,1_first,9
3346,201901819,a9,5,1_first,9
3347,201901842,a9,5,1_first,9
3348,201901857,a9,5,1_first,9
3349,201901858,a9,4,1_first,9
3350,201901871,a9,2,1_first,9
3351,201901872,a9,7,1_first,9
3352,201901888,a9,6,1_first,9
3353,201901889,a9,7,1_first,9
3354,201901909,a9,2,1_first,9
3355,201901916,a9,5,1_first,9
3356,201901917,a9,5,1_first,9
3357,201901921,a9,4,1_first,9
3358,201901926,a9,6,1_first,9
3359,201901936,a9,7,1_first,9
3360,201901943,a9,5,1_first,9
3361,201901958,a9,7,1_first,9
3362,201901959,a9,4,1_first,9
3363,201901961,a9,7,1_first,9
3364,201901964,a9,8,1_first,9
3365,201901968,a9,7,1_first,9
3366,201901982,a9,4,1_first,9
3367,201901985,a9,4,1_first,9
3368,201901993,a9,6,1_first,9
3369,201902030,a9,1,1_first,9
3370,201902047,a9,1,1_first,9
3371,201902054,a9,7,1_first,9
3372,201902071,a9,4,1_first,9
3373,201902081,a9,5,1_first,9
3374,201902093,a9,5,1_first,9
3375,201902097,a9,5,1_first,9
3376,201902101,a9,5,1_first,9
3377,201902131,a9,5,1_first,9
3378,201902138,a9,5,1_first,9
3379,201902160,a9,5,1_first,9
3380,201902175,a9,5,1_first,9
3381,201902176,a9,7,1_first,9
3382,201902180,a9,7,1_first,9
3383,201902186,a9,6,1_first,9
3384,201902187,a9,7,1_first,9
3385,201902205,a9,1,1_first,9
3386,201902211,a9,1,1_first,9
3387,201902250,a9,7,1_first,9
3388,201902253,a9,2,1_first,9
3389,201902270,a9,5,1_first,9
3390,201902271,a9,7,1_first,9
3391,201902288,a9,5,1_first,9
3392,201902301,a9,5,1_first,9
3393,201902307,a9,1,1_first,9
3394,201902327,a9,7,1_first,9
3395,201902346,a9,6,1_first,9
3396,201902365,a9,1,1_first,9
3397,201902373,a9,1,1_first,9
3398,201902392,a9,4,1_first,9
3399,201902394,a9,4,1_first,9
3400,201900016,a9,5,2_second,9
3401,201900023,a9,7,2_second,9
3402,201900103,a9,6,2_second,9
3403,201900112,a9,5,2_second,9
3404,201900131,a9,6,2_second,9
3405,201900141,a9,7,2_second,9
3406,201900142,a9,7,2_second,9
3407,201900150,a9,5,2_second,9
3408,201900157,a9,1,2_second,9
3409,201900161,a9,2,2_second,9
3410,201900173,a9,1,2_second,9
3411,201900176,a9,2,2_second,9
3412,201900177,a9,5,2_second,9
3413,201900183,a9,1,2_second,9
3414,201900186,a9,7,2_second,9
3415,201900197,a9,1,2_second,9
3416,201900200,a9,5,2_second,9
3417,201900201,a9,9,2_second,9
3418,201900203,a9,7,2_second,9
3419,201900208,a9,5,2_second,9
3420,201900213,a9,7,2_second,9
3421,201900235,a9,5,2_second,9
3422,201900274,a9,5,2_second,9
3423,201900285,a9,6,2_second,9
3424,201900286,a9,5,2_second,9
3425,201900290,a9,7,2_second,9
3426,201900294,a9,5,2_second,9
3427,201900303,a9,5,2_second,9
3428,201900304,a9,5,2_second,9
3429,201900339,a9,5,2_second,9
3430,201900345,a9,5,2_second,9
3431,201900348,a9,5,2_second,9
3432,201900349,a9,2,2_second,9
3433,201900352,a9,5,2_second,9
3434,201900358,a9,4,2_second,9
3435,201900361,a9,7,2_second,9
3436,201900375,a9,4,2_second,9
3437,201900377,a9,5,2_second,9
3438,201900380,a9,2,2_second,9
3439,201900425,a9,5,2_second,9
3440,201900447,a9,5,2_second,9
3441,201900457,a9,1,2_second,9
3442,201900459,a9,5,2_second,9
3443,201900461,a9,1,2_second,9
3444,201900462,a9,7,2_second,9
3445,201900468,a9,7,2_second,9
3446,201900469,a9,1,2_second,9
3447,201900478,a9,5,2_second,9
3448,201900492,a9,7,2_second,9
3449,201900520,a9,7,2_second,9
3450,201900571,a9,4,2_second,9
3451,201900574,a9,9,2_second,9
3452,201900591,a9,5,2_second,9
3453,201900595,a9,5,2_second,9
3454,201900632,a9,5,2_second,9
3455,201900637,a9,1,2_second,9
3456,201900644,a9,7,2_second,9
3457,201900683,a9,4,2_second,9
3458,201900684,a9,7,2_second,9
3459,201900688,a9,5,2_second,9
3460,201900691,a9,4,2_second,9
3461,201900695,a9,6,2_second,9
3462,201900710,a9,2,2_second,9
3463,201900712,a9,1,2_second,9
3464,201900719,a9,5,2_second,9
3465,201900759,a9,6,2_second,9
3466,201900788,a9,5,2_second,9
3467,201900810,a9,5,2_second,9
3468,201900814,a9,1,2_second,9
3469,201900815,a9,5,2_second,9
3470,201900817,a9,5,2_second,9
3471,201900818,a9,1,2_second,9
3472,201900828,a9,5,2_second,9
3473,201900839,a9,7,2_second,9
3474,201900843,a9,9,2_second,9
3475,201900844,a9,7,2_second,9
3476,201900852,a9,6,2_second,9
3477,201900872,a9,7,2_second,9
3478,201900938,a9,9,2_second,9
3479,201900987,a9,7,2_second,9
3480,201900998,a9,7,2_second,9
3481,201901026,a9,7,2_second,9
3482,201901027,a9,5,2_second,9
3483,201901030,a9,6,2_second,9
3484,201901041,a9,9,2_second,9
3485,201901080,a9,7,2_second,9
3486,201901082,a9,6,2_second,9
3487,201901083,a9,5,2_second,9
3488,201901092,a9,5,2_second,9
3489,201901095,a9,5,2_second,9
3490,201901133,a9,7,2_second,9
3491,201901154,a9,7,2_second,9
3492,201901162,a9,7,2_second,9
3493,201901173,a9,5,2_second,9
3494,201901184,a9,1,2_second,9
3495,201901186,a9,5,2_second,9
3496,201901198,a9,7,2_second,9
3497,201901206,a9,7,2_second,9
3498,201901222,a9,5,2_second,9
3499,201901246,a9,6,2_second,9
3500,201901256,a9,5,2_second,9
3501,201901273,a9,9,2_second,9
3502,201901307,a9,6,2_second,9
3503,201901310,a9,4,2_second,9
3504,201901324,a9,7,2_second,9
3505,201901331,a9,2,2_second,9
3506,201901338,a9,5,2_second,9
3507,201901376,a9,5,2_second,9
3508,201901388,a9,7,2_second,9
3509,201901394,a9,5,2_second,9
3510,201901398,a9,1,2_second,9
3511,201901441,a9,5,2_second,9
3512,201901451,a9,1,2_second,9
3513,201901457,a9,6,2_second,9
3514,201901471,a9,1,2_second,9
3515,201901475,a9,7,2_second,9
3516,201901491,a9,5,2_second,9
3517,201901498,a9,7,2_second,9
3518,201901504,a9,5,2_second,9
3519,201901505,a9,5,2_second,9
3520,201901511,a9,5,2_second,9
3521,201901512,a9,5,2_second,9
3522,201901521,a9,1,2_second,9
3523,201901522,a9,1,2_second,9
3524,201901526,a9,5,2_second,9
3525,201901539,a9,1,2_second,9
3526,201901542,a9,1,2_second,9
3527,201901546,a9,1,2_second,9
3528,201901560,a9,5,2_second,9
3529,201901569,a9,5,2_second,9
3530,201901570,a9,5,2_second,9
3531,201901579,a9,2,2_second,9
3532,201901615,a9,1,2_second,9
3533,201901617,a9,5,2_second,9
3534,201901650,a9,1,2_second,9
3535,201901659,a9,5,2_second,9
3536,201901681,a9,6,2_second,9
3537,201901688,a9,1,2_second,9
3538,201901701,a9,6,2_second,9
3539,201901707,a9,2,2_second,9
3540,201901711,a9,9,2_second,9
3541,201901721,a9,5,2_second,9
3542,201901745,a9,2,2_second,9
3543,201901746,a9,6,2_second,9
3544,201901788,a9,5,2_second,9
3545,201901813,a9,1,2_second,9
3546,201901819,a9,5,2_second,9
3547,201901842,a9,1,2_second,9
3548,201901857,a9,5,2_second,9
3549,201901858,a9,5,2_second,9
3550,201901871,a9,4,2_second,9
3551,201901872,a9,5,2_second,9
3552,201901888,a9,5,2_second,9
3553,201901889,a9,1,2_second,9
3554,201901909,a9,5,2_second,9
3555,201901916,a9,5,2_second,9
3556,201901917,a9,5,2_second,9
3557,201901921,a9,5,2_second,9
3558,201901926,a9,2,2_second,9
3559,201901936,a9,2,2_second,9
3560,201901943,a9,1,2_second,9
3561,201901958,a9,3,2_second,9
3562,201901959,a9,6,2_second,9
3563,201901961,a9,5,2_second,9
3564,201901964,a9,7,2_second,9
3565,201901968,a9,5,2_second,9
3566,201901982,a9,2,2_second,9
3567,201901985,a9,1,2_second,9
3568,201901993,a9,7,2_second,9
3569,201902030,a9,1,2_second,9
3570,201902047,a9,5,2_second,9
3571,201902054,a9,7,2_second,9
3572,201902071,a9,2,2_second,9
3573,201902081,a9,5,2_second,9
3574,201902093,a9,6,2_second,9
3575,201902097,a9,6,2_second,9
3576,201902101,a9,5,2_second,9
3577,201902131,a9,6,2_second,9
3578,201902138,a9,5,2_second,9
3579,201902160,a9,5,2_second,9
3580,201902175,a9,5,2_second,9
3581,201902176,a9,7,2_second,9
3582,201902180,a9,4,2_second,9
3583,201902186,a9,9,2_second,9
3584,201902187,a9,7,2_second,9
3585,201902205,a9,5,2_second,9
3586,201902211,a9,1,2_second,9
3587,201902250,a9,5,2_second,9
3588,201902253,a9,7,2_second,9
3589,201902270,a9,7,2_second,9
3590,201902271,a9,1,2_second,9
3591,201902288,a9,7,2_second,9
3592,201902301,a9,7,2_second,9
3593,201902307,a9,9,2_second,9
3594,201902327,a9,5,2_second,9
3595,201902346,a9,1,2_second,9
3596,201902365,a9,9,2_second,9
3597,201902373,a9,5,2_second,9
3598,201902392,a9,7,2_second,9
3599,201902394,a9,5,2_second,9
3600,201900016,b1,0,3_score,1
3601,201900023,b1,3,3_score,1
3602,201900103,b1,0,3_score,1
3603,201900112,b1,0,3_score,1
3604,201900131,b1,0,3_score,1
3605,201900141,b1,0,3_score,1
3606,201900142,b1,2,3_score,1
3607,201900150,b1,2,3_score,1
3608,201900157,b1,0,3_score,1
3609,201900161,b1,1,3_score,1
3610,201900173,b1,1,3_score,1
3611,201900176,b1,3,3_score,1
3612,201900177,b1,0,3_score,1
3613,201900183,b1,0,3_score,1
3614,201900186,b1,0,3_score,1
3615,201900197,b1,0,3_score,1
3616,201900200,b1,1,3_score,1
3617,201900201,b1,1,3_score,1
3618,201900203,b1,2,3_score,1
3619,201900208,b1,0,3_score,1
3620,201900213,b1,2,3_score,1
3621,201900235,b1,0,3_score,1
3622,201900274,b1,0,3_score,1
3623,201900285,b1,0,3_score,1
3624,201900286,b1,2,3_score,1
3625,201900290,b1,0,3_score,1
3626,201900294,b1,0,3_score,1
3627,201900303,b1,0,3_score,1
3628,201900304,b1,2,3_score,1
3629,201900339,b1,0,3_score,1
3630,201900345,b1,0,3_score,1
3631,201900348,b1,2,3_score,1
3632,201900349,b1,1,3_score,1
3633,201900352,b1,0,3_score,1
3634,201900358,b1,1,3_score,1
3635,201900361,b1,0,3_score,1
3636,201900375,b1,0,3_score,1
3637,201900377,b1,2,3_score,1
3638,201900380,b1,2,3_score,1
3639,201900425,b1,0,3_score,1
3640,201900447,b1,0,3_score,1
3641,201900457,b1,0,3_score,1
3642,201900459,b1,0,3_score,1
3643,201900461,b1,0,3_score,1
3644,201900462,b1,1,3_score,1
3645,201900468,b1,0,3_score,1
3646,201900469,b1,0,3_score,1
3647,201900478,b1,1,3_score,1
3648,201900492,b1,0,3_score,1
3649,201900520,b1,0,3_score,1
3650,201900571,b1,0,3_score,1
3651,201900574,b1,0,3_score,1
3652,201900591,b1,2,3_score,1
3653,201900595,b1,3,3_score,1
3654,201900632,b1,2,3_score,1
3655,201900637,b1,0,3_score,1
3656,201900644,b1,0,3_score,1
3657,201900683,b1,0,3_score,1
3658,201900684,b1,4,3_score,1
3659,201900688,b1,0,3_score,1
3660,201900691,b1,2,3_score,1
3661,201900695,b1,0,3_score,1
3662,201900710,b1,0,3_score,1
3663,201900712,b1,0,3_score,1
3664,201900719,b1,0,3_score,1
3665,201900759,b1,1,3_score,1
3666,201900788,b1,0,3_score,1
3667,201900810,b1,0,3_score,1
3668,201900814,b1,2,3_score,1
3669,201900815,b1,0,3_score,1
3670,201900817,b1,2,3_score,1
3671,201900818,b1,0,3_score,1
3672,201900828,b1,0,3_score,1
3673,201900839,b1,0,3_score,1
3674,201900843,b1,1,3_score,1
3675,201900844,b1,0,3_score,1
3676,201900852,b1,0,3_score,1
3677,201900872,b1,0,3_score,1
3678,201900938,b1,0,3_score,1
3679,201900987,b1,0,3_score,1
3680,201900998,b1,1,3_score,1
3681,201901026,b1,0,3_score,1
3682,201901027,b1,0,3_score,1
3683,201901030,b1,0,3_score,1
3684,201901041,b1,0,3_score,1
3685,201901080,b1,0,3_score,1
3686,201901082,b1,2,3_score,1
3687,201901083,b1,0,3_score,1
3688,201901092,b1,5,3_score,1
3689,201901095,b1,0,3_score,1
3690,201901133,b1,0,3_score,1
3691,201901154,b1,1,3_score,1
3692,201901162,b1,0,3_score,1
3693,201901173,b1,1,3_score,1
3694,201901184,b1,3,3_score,1
3695,201901186,b1,0,3_score,1
3696,201901198,b1,0,3_score,1
3697,201901206,b1,0,3_score,1
3698,201901222,b1,0,3_score,1
3699,201901246,b1,1,3_score,1
3700,201901256,b1,0,3_score,1
3701,201901273,b1,0,3_score,1
3702,201901307,b1,0,3_score,1
3703,201901310,b1,3,3_score,1
3704,201901324,b1,0,3_score,1
3705,201901331,b1,0,3_score,1
3706,201901338,b1,4,3_score,1
3707,201901376,b1,0,3_score,1
3708,201901388,b1,0,3_score,1
3709,201901394,b1,0,3_score,1
3710,201901398,b1,1,3_score,1
3711,201901441,b1,0,3_score,1
3712,201901451,b1,0,3_score,1
3713,201901457,b1,0,3_score,1
3714,201901471,b1,0,3_score,1
3715,201901475,b1,1,3_score,1
3716,201901491,b1,0,3_score,1
3717,201901498,b1,0,3_score,1
3718,201901504,b1,0,3_score,1
3719,201901505,b1,0,3_score,1
3720,201901511,b1,1,3_score,1
3721,201901512,b1,1,3_score,1
3722,201901521,b1,0,3_score,1
3723,201901522,b1,0,3_score,1
3724,201901526,b1,0,3_score,1
3725,201901539,b1,1,3_score,1
3726,201901542,b1,3,3_score,1
3727,201901546,b1,0,3_score,1
3728,201901560,b1,0,3_score,1
3729,201901569,b1,0,3_score,1
3730,201901570,b1,0,3_score,1
3731,201901579,b1,0,3_score,1
3732,201901615,b1,0,3_score,1
3733,201901617,b1,0,3_score,1
3734,201901650,b1,1,3_score,1
3735,201901659,b1,0,3_score,1
3736,201901681,b1,0,3_score,1
3737,201901688,b1,1,3_score,1
3738,201901701,b1,3,3_score,1
3739,201901707,b1,0,3_score,1
3740,201901711,b1,0,3_score,1
3741,201901721,b1,2,3_score,1
3742,201901745,b1,3,3_score,1
3743,201901746,b1,0,3_score,1
3744,201901788,b1,0,3_score,1
3745,201901813,b1,0,3_score,1
3746,201901819,b1,0,3_score,1
3747,201901842,b1,6,3_score,1
3748,201901857,b1,2,3_score,1
3749,201901858,b1,3,3_score,1
3750,201901871,b1,4,3_score,1
3751,201901872,b1,3,3_score,1
3752,201901888,b1,0,3_score,1
3753,201901889,b1,2,3_score,1
3754,201901909,b1,0,3_score,1
3755,201901916,b1,3,3_score,1
3756,201901917,b1,0,3_score,1
3757,201901921,b1,0,3_score,1
3758,201901926,b1,1,3_score,1
3759,201901936,b1,0,3_score,1
3760,201901943,b1,2,3_score,1
3761,201901958,b1,0,3_score,1
3762,201901959,b1,0,3_score,1
3763,201901961,b1,0,3_score,1
3764,201901964,b1,2,3_score,1
3765,201901968,b1,1,3_score,1
3766,201901982,b1,0,3_score,1
3767,201901985,b1,0,3_score,1
3768,201901993,b1,0,3_score,1
3769,201902030,b1,2,3_score,1
3770,201902047,b1,2,3_score,1
3771,201902054,b1,0,3_score,1
3772,201902071,b1,0,3_score,1
3773,201902081,b1,1,3_score,1
3774,201902093,b1,0,3_score,1
3775,201902097,b1,0,3_score,1
3776,201902101,b1,0,3_score,1
3777,201902131,b1,0,3_score,1
3778,201902138,b1,0,3_score,1
3779,201902160,b1,4,3_score,1
3780,201902175,b1,1,3_score,1
3781,201902176,b1,0,3_score,1
3782,201902180,b1,2,3_score,1
3783,201902186,b1,1,3_score,1
3784,201902187,b1,0,3_score,1
3785,201902205,b1,1,3_score,1
3786,201902211,b1,0,3_score,1
3787,201902250,b1,3,3_score,1
3788,201902253,b1,0,3_score,1
3789,201902270,b1,0,3_score,1
3790,201902271,b1,0,3_score,1
3791,201902288,b1,0,3_score,1
3792,201902301,b1,0,3_score,1
3793,201902307,b1,0,3_score,1
3794,201902327,b1,0,3_score,1
3795,201902346,b1,0,3_score,1
3796,201902365,b1,0,3_score,1
3797,201902373,b1,0,3_score,1
3798,201902392,b1,0,3_score,1
3799,201902394,b1,2,3_score,1
3800,201900016,b2,0,3_score,2
3801,201900023,b2,0,3_score,2
3802,201900103,b2,0,3_score,2
3803,201900112,b2,3,3_score,2
3804,201900131,b2,2,3_score,2
3805,201900141,b2,5,3_score,2
3806,201900142,b2,0,3_score,2
3807,201900150,b2,2,3_score,2
3808,201900157,b2,1,3_score,2
3809,201900161,b2,0,3_score,2
3810,201900173,b2,0,3_score,2
3811,201900176,b2,0,3_score,2
3812,201900177,b2,0,3_score,2
3813,201900183,b2,3,3_score,2
3814,201900186,b2,0,3_score,2
3815,201900197,b2,1,3_score,2
3816,201900200,b2,0,3_score,2
3817,201900201,b2,0,3_score,2
3818,201900203,b2,0,3_score,2
3819,201900208,b2,0,3_score,2
3820,201900213,b2,0,3_score,2
3821,201900235,b2,2,3_score,2
3822,201900274,b2,0,3_score,2
3823,201900285,b2,1,3_score,2
3824,201900286,b2,1,3_score,2
3825,201900290,b2,4,3_score,2
3826,201900294,b2,0,3_score,2
3827,201900303,b2,0,3_score,2
3828,201900304,b2,0,3_score,2
3829,201900339,b2,0,3_score,2
3830,201900345,b2,3,3_score,2
3831,201900348,b2,2,3_score,2
3832,201900349,b2,0,3_score,2
3833,201900352,b2,1,3_score,2
3834,201900358,b2,0,3_score,2
3835,201900361,b2,1,3_score,2
3836,201900375,b2,0,3_score,2
3837,201900377,b2,1,3_score,2
3838,201900380,b2,0,3_score,2
3839,201900425,b2,2,3_score,2
3840,201900447,b2,0,3_score,2
3841,201900457,b2,0,3_score,2
3842,201900459,b2,0,3_score,2
3843,201900461,b2,2,3_score,2
3844,201900462,b2,0,3_score,2
3845,201900468,b2,5,3_score,2
3846,201900469,b2,0,3_score,2
3847,201900478,b2,2,3_score,2
3848,201900492,b2,1,3_score,2
3849,201900520,b2,0,3_score,2
3850,201900571,b2,1,3_score,2
3851,201900574,b2,0,3_score,2
3852,201900591,b2,1,3_score,2
3853,201900595,b2,0,3_score,2
3854,201900632,b2,0,3_score,2
3855,201900637,b2,0,3_score,2
3856,201900644,b2,0,3_score,2
3857,201900683,b2,0,3_score,2
3858,201900684,b2,0,3_score,2
3859,201900688,b2,0,3_score,2
3860,201900691,b2,0,3_score,2
3861,201900695,b2,1,3_score,2
3862,201900710,b2,0,3_score,2
3863,201900712,b2,1,3_score,2
3864,201900719,b2,1,3_score,2
3865,201900759,b2,0,3_score,2
3866,201900788,b2,0,3_score,2
3867,201900810,b2,0,3_score,2
3868,201900814,b2,1,3_score,2
3869,201900815,b2,0,3_score,2
3870,201900817,b2,1,3_score,2
3871,201900818,b2,0,3_score,2
3872,201900828,b2,0,3_score,2
3873,201900839,b2,0,3_score,2
3874,201900843,b2,0,3_score,2
3875,201900844,b2,3,3_score,2
3876,201900852,b2,0,3_score,2
3877,201900872,b2,1,3_score,2
3878,201900938,b2,0,3_score,2
3879,201900987,b2,0,3_score,2
3880,201900998,b2,0,3_score,2
3881,201901026,b2,1,3_score,2
3882,201901027,b2,0,3_score,2
3883,201901030,b2,0,3_score,2
3884,201901041,b2,0,3_score,2
3885,201901080,b2,0,3_score,2
3886,201901082,b2,0,3_score,2
3887,201901083,b2,0,3_score,2
3888,201901092,b2,0,3_score,2
3889,201901095,b2,0,3_score,2
3890,201901133,b2,0,3_score,2
3891,201901154,b2,2,3_score,2
3892,201901162,b2,2,3_score,2
3893,201901173,b2,0,3_score,2
3894,201901184,b2,0,3_score,2
3895,201901186,b2,0,3_score,2
3896,201901198,b2,0,3_score,2
3897,201901206,b2,1,3_score,2
3898,201901222,b2,0,3_score,2
3899,201901246,b2,0,3_score,2
3900,201901256,b2,0,3_score,2
3901,201901273,b2,0,3_score,2
3902,201901307,b2,0,3_score,2
3903,201901310,b2,0,3_score,2
3904,201901324,b2,0,3_score,2
3905,201901331,b2,0,3_score,2
3906,201901338,b2,0,3_score,2
3907,201901376,b2,1,3_score,2
3908,201901388,b2,0,3_score,2
3909,201901394,b2,0,3_score,2
3910,201901398,b2,0,3_score,2
3911,201901441,b2,0,3_score,2
3912,201901451,b2,0,3_score,2
3913,201901457,b2,0,3_score,2
3914,201901471,b2,0,3_score,2
3915,201901475,b2,0,3_score,2
3916,201901491,b2,2,3_score,2
3917,201901498,b2,3,3_score,2
3918,201901504,b2,0,3_score,2
3919,201901505,b2,0,3_score,2
3920,201901511,b2,2,3_score,2
3921,201901512,b2,0,3_score,2
3922,201901521,b2,0,3_score,2
3923,201901522,b2,4,3_score,2
3924,201901526,b2,9,3_score,2
3925,201901539,b2,6,3_score,2
3926,201901542,b2,0,3_score,2
3927,201901546,b2,5,3_score,2
3928,201901560,b2,0,3_score,2
3929,201901569,b2,0,3_score,2
3930,201901570,b2,4,3_score,2
3931,201901579,b2,2,3_score,2
3932,201901615,b2,0,3_score,2
3933,201901617,b2,0,3_score,2
3934,201901650,b2,0,3_score,2
3935,201901659,b2,5,3_score,2
3936,201901681,b2,1,3_score,2
3937,201901688,b2,1,3_score,2
3938,201901701,b2,0,3_score,2
3939,201901707,b2,0,3_score,2
3940,201901711,b2,0,3_score,2
3941,201901721,b2,0,3_score,2
3942,201901745,b2,5,3_score,2
3943,201901746,b2,0,3_score,2
3944,201901788,b2,0,3_score,2
3945,201901813,b2,5,3_score,2
3946,201901819,b2,0,3_score,2
3947,201901842,b2,2,3_score,2
3948,201901857,b2,0,3_score,2
3949,201901858,b2,0,3_score,2
3950,201901871,b2,4,3_score,2
3951,201901872,b2,0,3_score,2
3952,201901888,b2,0,3_score,2
3953,201901889,b2,0,3_score,2
3954,201901909,b2,0,3_score,2
3955,201901916,b2,3,3_score,2
3956,201901917,b2,1,3_score,2
3957,201901921,b2,0,3_score,2
3958,201901926,b2,0,3_score,2
3959,201901936,b2,0,3_score,2
3960,201901943,b2,0,3_score,2
3961,201901958,b2,0,3_score,2
3962,201901959,b2,0,3_score,2
3963,201901961,b2,4,3_score,2
3964,201901964,b2,6,3_score,2
3965,201901968,b2,1,3_score,2
3966,201901982,b2,0,3_score,2
3967,201901985,b2,1,3_score,2
3968,201901993,b2,1,3_score,2
3969,201902030,b2,3,3_score,2
3970,201902047,b2,1,3_score,2
3971,201902054,b2,2,3_score,2
3972,201902071,b2,0,3_score,2
3973,201902081,b2,0,3_score,2
3974,201902093,b2,0,3_score,2
3975,201902097,b2,0,3_score,2
3976,201902101,b2,0,3_score,2
3977,201902131,b2,1,3_score,2
3978,201902138,b2,0,3_score,2
3979,201902160,b2,0,3_score,2
3980,201902175,b2,0,3_score,2
3981,201902176,b2,0,3_score,2
3982,201902180,b2,0,3_score,2
3983,201902186,b2,1,3_score,2
3984,201902187,b2,1,3_score,2
3985,201902205,b2,2,3_score,2
3986,201902211,b2,0,3_score,2
3987,201902250,b2,0,3_score,2
3988,201902253,b2,0,3_score,2
3989,201902270,b2,0,3_score,2
3990,201902271,b2,0,3_score,2
3991,201902288,b2,2,3_score,2
3992,201902301,b2,0,3_score,2
3993,201902307,b2,2,3_score,2
3994,201902327,b2,0,3_score,2
3995,201902346,b2,1,3_score,2
3996,201902365,b2,0,3_score,2
3997,201902373,b2,0,3_score,2
3998,201902392,b2,0,3_score,2
3999,201902394,b2,1,3_score,2
4000,201900016,b3,0,3_score,3
4001,201900023,b3,0,3_score,3
4002,201900103,b3,1,3_score,3
4003,201900112,b3,0,3_score,3
4004,201900131,b3,4,3_score,3
4005,201900141,b3,0,3_score,3
4006,201900142,b3,2,3_score,3
4007,201900150,b3,0,3_score,3
4008,201900157,b3,4,3_score,3
4009,201900161,b3,1,3_score,3
4010,201900173,b3,2,3_score,3
4011,201900176,b3,0,3_score,3
4012,201900177,b3,0,3_score,3
4013,201900183,b3,0,3_score,3
4014,201900186,b3,0,3_score,3
4015,201900197,b3,0,3_score,3
4016,201900200,b3,0,3_score,3
4017,201900201,b3,4,3_score,3
4018,201900203,b3,0,3_score,3
4019,201900208,b3,2,3_score,3
4020,201900213,b3,2,3_score,3
4021,201900235,b3,0,3_score,3
4022,201900274,b3,0,3_score,3
4023,201900285,b3,1,3_score,3
4024,201900286,b3,0,3_score,3
4025,201900290,b3,0,3_score,3
4026,201900294,b3,0,3_score,3
4027,201900303,b3,1,3_score,3
4028,201900304,b3,0,3_score,3
4029,201900339,b3,0,3_score,3
4030,201900345,b3,0,3_score,3
4031,201900348,b3,0,3_score,3
4032,201900349,b3,0,3_score,3
4033,201900352,b3,1,3_score,3
4034,201900358,b3,0,3_score,3
4035,201900361,b3,1,3_score,3
4036,201900375,b3,1,3_score,3
4037,201900377,b3,2,3_score,3
4038,201900380,b3,1,3_score,3
4039,201900425,b3,4,3_score,3
4040,201900447,b3,0,3_score,3
4041,201900457,b3,1,3_score,3
4042,201900459,b3,0,3_score,3
4043,201900461,b3,2,3_score,3
4044,201900462,b3,1,3_score,3
4045,201900468,b3,2,3_score,3
4046,201900469,b3,0,3_score,3
4047,201900478,b3,2,3_score,3
4048,201900492,b3,0,3_score,3
4049,201900520,b3,1,3_score,3
4050,201900571,b3,1,3_score,3
4051,201900574,b3,0,3_score,3
4052,201900591,b3,0,3_score,3
4053,201900595,b3,0,3_score,3
4054,201900632,b3,0,3_score,3
4055,201900637,b3,2,3_score,3
4056,201900644,b3,3,3_score,3
4057,201900683,b3,3,3_score,3
4058,201900684,b3,0,3_score,3
4059,201900688,b3,1,3_score,3
4060,201900691,b3,4,3_score,3
4061,201900695,b3,1,3_score,3
4062,201900710,b3,0,3_score,3
4063,201900712,b3,0,3_score,3
4064,201900719,b3,6,3_score,3
4065,201900759,b3,1,3_score,3
4066,201900788,b3,1,3_score,3
4067,201900810,b3,0,3_score,3
4068,201900814,b3,3,3_score,3
4069,201900815,b3,0,3_score,3
4070,201900817,b3,0,3_score,3
4071,201900818,b3,0,3_score,3
4072,201900828,b3,0,3_score,3
4073,201900839,b3,0,3_score,3
4074,201900843,b3,0,3_score,3
4075,201900844,b3,0,3_score,3
4076,201900852,b3,0,3_score,3
4077,201900872,b3,2,3_score,3
4078,201900938,b3,0,3_score,3
4079,201900987,b3,0,3_score,3
4080,201900998,b3,0,3_score,3
4081,201901026,b3,2,3_score,3
4082,201901027,b3,0,3_score,3
4083,201901030,b3,1,3_score,3
4084,201901041,b3,3,3_score,3
4085,201901080,b3,2,3_score,3
4086,201901082,b3,1,3_score,3
4087,201901083,b3,0,3_score,3
4088,201901092,b3,2,3_score,3
4089,201901095,b3,0,3_score,3
4090,201901133,b3,0,3_score,3
4091,201901154,b3,1,3_score,3
4092,201901162,b3,0,3_score,3
4093,201901173,b3,0,3_score,3
4094,201901184,b3,2,3_score,3
4095,201901186,b3,4,3_score,3
4096,201901198,b3,0,3_score,3
4097,201901206,b3,0,3_score,3
4098,201901222,b3,0,3_score,3
4099,201901246,b3,1,3_score,3
4100,201901256,b3,0,3_score,3
4101,201901273,b3,0,3_score,3
4102,201901307,b3,1,3_score,3
4103,201901310,b3,0,3_score,3
4104,201901324,b3,0,3_score,3
4105,201901331,b3,0,3_score,3
4106,201901338,b3,0,3_score,3
4107,201901376,b3,0,3_score,3
4108,201901388,b3,0,3_score,3
4109,201901394,b3,0,3_score,3
4110,201901398,b3,1,3_score,3
4111,201901441,b3,8,3_score,3
4112,201901451,b3,0,3_score,3
4113,201901457,b3,0,3_score,3
4114,201901471,b3,0,3_score,3
4115,201901475,b3,4,3_score,3
4116,201901491,b3,1,3_score,3
4117,201901498,b3,4,3_score,3
4118,201901504,b3,0,3_score,3
4119,201901505,b3,0,3_score,3
4120,201901511,b3,3,3_score,3
4121,201901512,b3,0,3_score,3
4122,201901521,b3,0,3_score,3
4123,201901522,b3,2,3_score,3
4124,201901526,b3,0,3_score,3
4125,201901539,b3,0,3_score,3
4126,201901542,b3,0,3_score,3
4127,201901546,b3,0,3_score,3
4128,201901560,b3,1,3_score,3
4129,201901569,b3,1,3_score,3
4130,201901570,b3,0,3_score,3
4131,201901579,b3,0,3_score,3
4132,201901615,b3,0,3_score,3
4133,201901617,b3,0,3_score,3
4134,201901650,b3,0,3_score,3
4135,201901659,b3,0,3_score,3
4136,201901681,b3,2,3_score,3
4137,201901688,b3,0,3_score,3
4138,201901701,b3,3,3_score,3
4139,201901707,b3,0,3_score,3
4140,201901711,b3,0,3_score,3
4141,201901721,b3,3,3_score,3
4142,201901745,b3,1,3_score,3
4143,201901746,b3,0,3_score,3
4144,201901788,b3,3,3_score,3
4145,201901813,b3,1,3_score,3
4146,201901819,b3,2,3_score,3
4147,201901842,b3,0,3_score,3
4148,201901857,b3,0,3_score,3
4149,201901858,b3,0,3_score,3
4150,201901871,b3,0,3_score,3
4151,201901872,b3,0,3_score,3
4152,201901888,b3,0,3_score,3
4153,201901889,b3,1,3_score,3
4154,201901909,b3,1,3_score,3
4155,201901916,b3,0,3_score,3
4156,201901917,b3,0,3_score,3
4157,201901921,b3,2,3_score,3
4158,201901926,b3,1,3_score,3
4159,201901936,b3,0,3_score,3
4160,201901943,b3,0,3_score,3
4161,201901958,b3,0,3_score,3
4162,201901959,b3,1,3_score,3
4163,201901961,b3,0,3_score,3
4164,201901964,b3,0,3_score,3
4165,201901968,b3,0,3_score,3
4166,201901982,b3,2,3_score,3
4167,201901985,b3,0,3_score,3
4168,201901993,b3,0,3_score,3
4169,201902030,b3,0,3_score,3
4170,201902047,b3,0,3_score,3
4171,201902054,b3,0,3_score,3
4172,201902071,b3,1,3_score,3
4173,201902081,b3,0,3_score,3
4174,201902093,b3,0,3_score,3
4175,201902097,b3,0,3_score,3
4176,201902101,b3,1,3_score,3
4177,201902131,b3,0,3_score,3
4178,201902138,b3,1,3_score,3
4179,201902160,b3,2,3_score,3
4180,201902175,b3,3,3_score,3
4181,201902176,b3,0,3_score,3
4182,201902180,b3,3,3_score,3
4183,201902186,b3,0,3_score,3
4184,201902187,b3,0,3_score,3
4185,201902205,b3,3,3_score,3
4186,201902211,b3,0,3_score,3
4187,201902250,b3,0,3_score,3
4188,201902253,b3,1,3_score,3
4189,201902270,b3,0,3_score,3
4190,201902271,b3,2,3_score,3
4191,201902288,b3,0,3_score,3
4192,201902301,b3,1,3_score,3
4193,201902307,b3,0,3_score,3
4194,201902327,b3,0,3_score,3
4195,201902346,b3,2,3_score,3
4196,201902365,b3,0,3_score,3
4197,201902373,b3,0,3_score,3
4198,201902392,b3,2,3_score,3
4199,201902394,b3,1,3_score,3
4200,201900016,b4,0,3_score,4
4201,201900023,b4,1,3_score,4
4202,201900103,b4,1,3_score,4
4203,201900112,b4,0,3_score,4
4204,201900131,b4,1,3_score,4
4205,201900141,b4,0,3_score,4
4206,201900142,b4,0,3_score,4
4207,201900150,b4,0,3_score,4
4208,201900157,b4,1,3_score,4
4209,201900161,b4,2,3_score,4
4210,201900173,b4,0,3_score,4
4211,201900176,b4,3,3_score,4
4212,201900177,b4,0,3_score,4
4213,201900183,b4,0,3_score,4
4214,201900186,b4,1,3_score,4
4215,201900197,b4,0,3_score,4
4216,201900200,b4,0,3_score,4
4217,201900201,b4,0,3_score,4
4218,201900203,b4,0,3_score,4
4219,201900208,b4,0,3_score,4
4220,201900213,b4,0,3_score,4
4221,201900235,b4,0,3_score,4
4222,201900274,b4,0,3_score,4
4223,201900285,b4,0,3_score,4
4224,201900286,b4,1,3_score,4
4225,201900290,b4,1,3_score,4
4226,201900294,b4,0,3_score,4
4227,201900303,b4,3,3_score,4
4228,201900304,b4,2,3_score,4
4229,201900339,b4,0,3_score,4
4230,201900345,b4,0,3_score,4
4231,201900348,b4,0,3_score,4
4232,201900349,b4,0,3_score,4
4233,201900352,b4,2,3_score,4
4234,201900358,b4,0,3_score,4
4235,201900361,b4,1,3_score,4
4236,201900375,b4,1,3_score,4
4237,201900377,b4,3,3_score,4
4238,201900380,b4,0,3_score,4
4239,201900425,b4,0,3_score,4
4240,201900447,b4,4,3_score,4
4241,201900457,b4,0,3_score,4
4242,201900459,b4,0,3_score,4
4243,201900461,b4,0,3_score,4
4244,201900462,b4,1,3_score,4
4245,201900468,b4,4,3_score,4
4246,201900469,b4,1,3_score,4
4247,201900478,b4,1,3_score,4
4248,201900492,b4,0,3_score,4
4249,201900520,b4,0,3_score,4
4250,201900571,b4,0,3_score,4
4251,201900574,b4,0,3_score,4
4252,201900591,b4,0,3_score,4
4253,201900595,b4,0,3_score,4
4254,201900632,b4,1,3_score,4
4255,201900637,b4,7,3_score,4
4256,201900644,b4,1,3_score,4
4257,201900683,b4,0,3_score,4
4258,201900684,b4,0,3_score,4
4259,201900688,b4,0,3_score,4
4260,201900691,b4,0,3_score,4
4261,201900695,b4,1,3_score,4
4262,201900710,b4,0,3_score,4
4263,201900712,b4,0,3_score,4
4264,201900719,b4,0,3_score,4
4265,201900759,b4,1,3_score,4
4266,201900788,b4,0,3_score,4
4267,201900810,b4,1,3_score,4
4268,201900814,b4,1,3_score,4
4269,201900815,b4,1,3_score,4
4270,201900817,b4,0,3_score,4
4271,201900818,b4,0,3_score,4
4272,201900828,b4,0,3_score,4
4273,201900839,b4,0,3_score,4
4274,201900843,b4,0,3_score,4
4275,201900844,b4,0,3_score,4
4276,201900852,b4,1,3_score,4
4277,201900872,b4,0,3_score,4
4278,201900938,b4,0,3_score,4
4279,201900987,b4,0,3_score,4
4280,201900998,b4,1,3_score,4
4281,201901026,b4,1,3_score,4
4282,201901027,b4,1,3_score,4
4283,201901030,b4,0,3_score,4
4284,201901041,b4,1,3_score,4
4285,201901080,b4,2,3_score,4
4286,201901082,b4,3,3_score,4
4287,201901083,b4,0,3_score,4
4288,201901092,b4,0,3_score,4
4289,201901095,b4,0,3_score,4
4290,201901133,b4,3,3_score,4
4291,201901154,b4,0,3_score,4
4292,201901162,b4,0,3_score,4
4293,201901173,b4,0,3_score,4
4294,201901184,b4,0,3_score,4
4295,201901186,b4,1,3_score,4
4296,201901198,b4,1,3_score,4
4297,201901206,b4,1,3_score,4
4298,201901222,b4,0,3_score,4
4299,201901246,b4,1,3_score,4
4300,201901256,b4,2,3_score,4
4301,201901273,b4,3,3_score,4
4302,201901307,b4,0,3_score,4
4303,201901310,b4,1,3_score,4
4304,201901324,b4,0,3_score,4
4305,201901331,b4,1,3_score,4
4306,201901338,b4,0,3_score,4
4307,201901376,b4,0,3_score,4
4308,201901388,b4,1,3_score,4
4309,201901394,b4,6,3_score,4
4310,201901398,b4,0,3_score,4
4311,201901441,b4,0,3_score,4
4312,201901451,b4,0,3_score,4
4313,201901457,b4,2,3_score,4
4314,201901471,b4,1,3_score,4
4315,201901475,b4,2,3_score,4
4316,201901491,b4,0,3_score,4
4317,201901498,b4,0,3_score,4
4318,201901504,b4,1,3_score,4
4319,201901505,b4,4,3_score,4
4320,201901511,b4,0,3_score,4
4321,201901512,b4,1,3_score,4
4322,201901521,b4,0,3_score,4
4323,201901522,b4,3,3_score,4
4324,201901526,b4,4,3_score,4
4325,201901539,b4,0,3_score,4
4326,201901542,b4,3,3_score,4
4327,201901546,b4,0,3_score,4
4328,201901560,b4,3,3_score,4
4329,201901569,b4,0,3_score,4
4330,201901570,b4,3,3_score,4
4331,201901579,b4,2,3_score,4
4332,201901615,b4,0,3_score,4
4333,201901617,b4,0,3_score,4
4334,201901650,b4,0,3_score,4
4335,201901659,b4,0,3_score,4
4336,201901681,b4,1,3_score,4
4337,201901688,b4,0,3_score,4
4338,201901701,b4,0,3_score,4
4339,201901707,b4,4,3_score,4
4340,201901711,b4,0,3_score,4
4341,201901721,b4,0,3_score,4
4342,201901745,b4,0,3_score,4
4343,201901746,b4,2,3_score,4
4344,201901788,b4,0,3_score,4
4345,201901813,b4,4,3_score,4
4346,201901819,b4,1,3_score,4
4347,201901842,b4,0,3_score,4
4348,201901857,b4,1,3_score,4
4349,201901858,b4,0,3_score,4
4350,201901871,b4,3,3_score,4
4351,201901872,b4,0,3_score,4
4352,201901888,b4,2,3_score,4
4353,201901889,b4,0,3_score,4
4354,201901909,b4,0,3_score,4
4355,201901916,b4,1,3_score,4
4356,201901917,b4,0,3_score,4
4357,201901921,b4,0,3_score,4
4358,201901926,b4,2,3_score,4
4359,201901936,b4,6,3_score,4
4360,201901943,b4,2,3_score,4
4361,201901958,b4,0,3_score,4
4362,201901959,b4,0,3_score,4
4363,201901961,b4,1,3_score,4
4364,201901964,b4,1,3_score,4
4365,201901968,b4,2,3_score,4
4366,201901982,b4,0,3_score,4
4367,201901985,b4,0,3_score,4
4368,201901993,b4,0,3_score,4
4369,201902030,b4,2,3_score,4
4370,201902047,b4,0,3_score,4
4371,201902054,b4,5,3_score,4
4372,201902071,b4,1,3_score,4
4373,201902081,b4,0,3_score,4
4374,201902093,b4,0,3_score,4
4375,201902097,b4,0,3_score,4
4376,201902101,b4,0,3_score,4
4377,201902131,b4,0,3_score,4
4378,201902138,b4,1,3_score,4
4379,201902160,b4,0,3_score,4
4380,201902175,b4,1,3_score,4
4381,201902176,b4,1,3_score,4
4382,201902180,b4,0,3_score,4
4383,201902186,b4,0,3_score,4
4384,201902187,b4,0,3_score,4
4385,201902205,b4,1,3_score,4
4386,201902211,b4,0,3_score,4
4387,201902250,b4,0,3_score,4
4388,201902253,b4,0,3_score,4
4389,201902270,b4,2,3_score,4
4390,201902271,b4,0,3_score,4
4391,201902288,b4,0,3_score,4
4392,201902301,b4,3,3_score,4
4393,201902307,b4,0,3_score,4
4394,201902327,b4,0,3_score,4
4395,201902346,b4,0,3_score,4
4396,201902365,b4,0,3_score,4
4397,201902373,b4,0,3_score,4
4398,201902392,b4,1,3_score,4
4399,201902394,b4,0,3_score,4
4400,201900016,b5,0,3_score,5
4401,201900023,b5,0,3_score,5
4402,201900103,b5,4,3_score,5
4403,201900112,b5,0,3_score,5
4404,201900131,b5,2,3_score,5
4405,201900141,b5,2,3_score,5
4406,201900142,b5,3,3_score,5
4407,201900150,b5,0,3_score,5
4408,201900157,b5,0,3_score,5
4409,201900161,b5,0,3_score,5
4410,201900173,b5,0,3_score,5
4411,201900176,b5,2,3_score,5
4412,201900177,b5,0,3_score,5
4413,201900183,b5,0,3_score,5
4414,201900186,b5,0,3_score,5
4415,201900197,b5,0,3_score,5
4416,201900200,b5,0,3_score,5
4417,201900201,b5,0,3_score,5
4418,201900203,b5,1,3_score,5
4419,201900208,b5,1,3_score,5
4420,201900213,b5,0,3_score,5
4421,201900235,b5,0,3_score,5
4422,201900274,b5,0,3_score,5
4423,201900285,b5,0,3_score,5
4424,201900286,b5,0,3_score,5
4425,201900290,b5,0,3_score,5
4426,201900294,b5,1,3_score,5
4427,201900303,b5,0,3_score,5
4428,201900304,b5,1,3_score,5
4429,201900339,b5,3,3_score,5
4430,201900345,b5,1,3_score,5
4431,201900348,b5,1,3_score,5
4432,201900349,b5,1,3_score,5
4433,201900352,b5,0,3_score,5
4434,201900358,b5,0,3_score,5
4435,201900361,b5,0,3_score,5
4436,201900375,b5,1,3_score,5
4437,201900377,b5,1,3_score,5
4438,201900380,b5,1,3_score,5
4439,201900425,b5,0,3_score,5
4440,201900447,b5,0,3_score,5
4441,201900457,b5,5,3_score,5
4442,201900459,b5,1,3_score,5
4443,201900461,b5,3,3_score,5
4444,201900462,b5,0,3_score,5
4445,201900468,b5,0,3_score,5
4446,201900469,b5,0,3_score,5
4447,201900478,b5,2,3_score,5
4448,201900492,b5,1,3_score,5
4449,201900520,b5,0,3_score,5
4450,201900571,b5,0,3_score,5
4451,201900574,b5,1,3_score,5
4452,201900591,b5,0,3_score,5
4453,201900595,b5,0,3_score,5
4454,201900632,b5,0,3_score,5
4455,201900637,b5,0,3_score,5
4456,201900644,b5,0,3_score,5
4457,201900683,b5,0,3_score,5
4458,201900684,b5,1,3_score,5
4459,201900688,b5,0,3_score,5
4460,201900691,b5,0,3_score,5
4461,201900695,b5,0,3_score,5
4462,201900710,b5,0,3_score,5
4463,201900712,b5,0,3_score,5
4464,201900719,b5,0,3_score,5
4465,201900759,b5,3,3_score,5
4466,201900788,b5,0,3_score,5
4467,201900810,b5,0,3_score,5
4468,201900814,b5,1,3_score,5
4469,201900815,b5,0,3_score,5
4470,201900817,b5,2,3_score,5
4471,201900818,b5,0,3_score,5
4472,201900828,b5,0,3_score,5
4473,201900839,b5,0,3_score,5
4474,201900843,b5,2,3_score,5
4475,201900844,b5,0,3_score,5
4476,201900852,b5,0,3_score,5
4477,201900872,b5,1,3_score,5
4478,201900938,b5,0,3_score,5
4479,201900987,b5,1,3_score,5
4480,201900998,b5,0,3_score,5
4481,201901026,b5,1,3_score,5
4482,201901027,b5,4,3_score,5
4483,201901030,b5,3,3_score,5
4484,201901041,b5,0,3_score,5
4485,201901080,b5,0,3_score,5
4486,201901082,b5,0,3_score,5
4487,201901083,b5,1,3_score,5
4488,201901092,b5,1,3_score,5
4489,201901095,b5,0,3_score,5
4490,201901133,b5,0,3_score,5
4491,201901154,b5,2,3_score,5
4492,201901162,b5,0,3_score,5
4493,201901173,b5,0,3_score,5
4494,201901184,b5,0,3_score,5
4495,201901186,b5,0,3_score,5
4496,201901198,b5,1,3_score,5
4497,201901206,b5,0,3_score,5
4498,201901222,b5,0,3_score,5
4499,201901246,b5,0,3_score,5
4500,201901256,b5,4,3_score,5
4501,201901273,b5,0,3_score,5
4502,201901307,b5,0,3_score,5
4503,201901310,b5,2,3_score,5
4504,201901324,b5,0,3_score,5
4505,201901331,b5,3,3_score,5
4506,201901338,b5,0,3_score,5
4507,201901376,b5,0,3_score,5
4508,201901388,b5,0,3_score,5
4509,201901394,b5,1,3_score,5
4510,201901398,b5,0,3_score,5
4511,201901441,b5,2,3_score,5
4512,201901451,b5,1,3_score,5
4513,201901457,b5,0,3_score,5
4514,201901471,b5,3,3_score,5
4515,201901475,b5,0,3_score,5
4516,201901491,b5,1,3_score,5
4517,201901498,b5,0,3_score,5
4518,201901504,b5,0,3_score,5
4519,201901505,b5,1,3_score,5
4520,201901511,b5,0,3_score,5
4521,201901512,b5,0,3_score,5
4522,201901521,b5,0,3_score,5
4523,201901522,b5,0,3_score,5
4524,201901526,b5,0,3_score,5
4525,201901539,b5,0,3_score,5
4526,201901542,b5,0,3_score,5
4527,201901546,b5,0,3_score,5
4528,201901560,b5,0,3_score,5
4529,201901569,b5,3,3_score,5
4530,201901570,b5,0,3_score,5
4531,201901579,b5,0,3_score,5
4532,201901615,b5,0,3_score,5
4533,201901617,b5,0,3_score,5
4534,201901650,b5,0,3_score,5
4535,201901659,b5,0,3_score,5
4536,201901681,b5,0,3_score,5
4537,201901688,b5,1,3_score,5
4538,201901701,b5,0,3_score,5
4539,201901707,b5,2,3_score,5
4540,201901711,b5,0,3_score,5
4541,201901721,b5,0,3_score,5
4542,201901745,b5,4,3_score,5
4543,201901746,b5,0,3_score,5
4544,201901788,b5,4,3_score,5
4545,201901813,b5,1,3_score,5
4546,201901819,b5,0,3_score,5
4547,201901842,b5,1,3_score,5
4548,201901857,b5,0,3_score,5
4549,201901858,b5,0,3_score,5
4550,201901871,b5,0,3_score,5
4551,201901872,b5,2,3_score,5
4552,201901888,b5,2,3_score,5
4553,201901889,b5,1,3_score,5
4554,201901909,b5,1,3_score,5
4555,201901916,b5,0,3_score,5
4556,201901917,b5,0,3_score,5
4557,201901921,b5,5,3_score,5
4558,201901926,b5,3,3_score,5
4559,201901936,b5,0,3_score,5
4560,201901943,b5,1,3_score,5
4561,201901958,b5,0,3_score,5
4562,201901959,b5,3,3_score,5
4563,201901961,b5,0,3_score,5
4564,201901964,b5,0,3_score,5
4565,201901968,b5,2,3_score,5
4566,201901982,b5,3,3_score,5
4567,201901985,b5,0,3_score,5
4568,201901993,b5,0,3_score,5
4569,201902030,b5,0,3_score,5
4570,201902047,b5,0,3_score,5
4571,201902054,b5,0,3_score,5
4572,201902071,b5,2,3_score,5
4573,201902081,b5,2,3_score,5
4574,201902093,b5,1,3_score,5
4575,201902097,b5,0,3_score,5
4576,201902101,b5,5,3_score,5
4577,201902131,b5,2,3_score,5
4578,201902138,b5,2,3_score,5
4579,201902160,b5,1,3_score,5
4580,201902175,b5,0,3_score,5
4581,201902176,b5,0,3_score,5
4582,201902180,b5,0,3_score,5
4583,201902186,b5,0,3_score,5
4584,201902187,b5,0,3_score,5
4585,201902205,b5,0,3_score,5
4586,201902211,b5,0,3_score,5
4587,201902250,b5,1,3_score,5
4588,201902253,b5,1,3_score,5
4589,201902270,b5,0,3_score,5
4590,201902271,b5,0,3_score,5
4591,201902288,b5,0,3_score,5
4592,201902301,b5,0,3_score,5
4593,201902307,b5,0,3_score,5
4594,201902327,b5,0,3_score,5
4595,201902346,b5,0,3_score,5
4596,201902365,b5,1,3_score,5
4597,201902373,b5,0,3_score,5
4598,201902392,b5,0,3_score,5
4599,201902394,b5,0,3_score,5
4600,201900016,b6,0,3_score,6
4601,201900023,b6,1,3_score,6
4602,201900103,b6,1,3_score,6
4603,201900112,b6,0,3_score,6
4604,201900131,b6,2,3_score,6
4605,201900141,b6,2,3_score,6
4606,201900142,b6,0,3_score,6
4607,201900150,b6,0,3_score,6
4608,201900157,b6,1,3_score,6
4609,201900161,b6,0,3_score,6
4610,201900173,b6,2,3_score,6
4611,201900176,b6,0,3_score,6
4612,201900177,b6,1,3_score,6
4613,201900183,b6,1,3_score,6
4614,201900186,b6,5,3_score,6
4615,201900197,b6,4,3_score,6
4616,201900200,b6,0,3_score,6
4617,201900201,b6,1,3_score,6
4618,201900203,b6,4,3_score,6
4619,201900208,b6,0,3_score,6
4620,201900213,b6,0,3_score,6
4621,201900235,b6,1,3_score,6
4622,201900274,b6,3,3_score,6
4623,201900285,b6,0,3_score,6
4624,201900286,b6,1,3_score,6
4625,201900290,b6,0,3_score,6
4626,201900294,b6,0,3_score,6
4627,201900303,b6,0,3_score,6
4628,201900304,b6,0,3_score,6
4629,201900339,b6,0,3_score,6
4630,201900345,b6,1,3_score,6
4631,201900348,b6,0,3_score,6
4632,201900349,b6,0,3_score,6
4633,201900352,b6,4,3_score,6
4634,201900358,b6,0,3_score,6
4635,201900361,b6,1,3_score,6
4636,201900375,b6,0,3_score,6
4637,201900377,b6,1,3_score,6
4638,201900380,b6,1,3_score,6
4639,201900425,b6,0,3_score,6
4640,201900447,b6,0,3_score,6
4641,201900457,b6,5,3_score,6
4642,201900459,b6,0,3_score,6
4643,201900461,b6,0,3_score,6
4644,201900462,b6,2,3_score,6
4645,201900468,b6,0,3_score,6
4646,201900469,b6,0,3_score,6
4647,201900478,b6,2,3_score,6
4648,201900492,b6,0,3_score,6
4649,201900520,b6,1,3_score,6
4650,201900571,b6,0,3_score,6
4651,201900574,b6,0,3_score,6
4652,201900591,b6,0,3_score,6
4653,201900595,b6,0,3_score,6
4654,201900632,b6,2,3_score,6
4655,201900637,b6,0,3_score,6
4656,201900644,b6,0,3_score,6
4657,201900683,b6,0,3_score,6
4658,201900684,b6,0,3_score,6
4659,201900688,b6,0,3_score,6
4660,201900691,b6,2,3_score,6
4661,201900695,b6,0,3_score,6
4662,201900710,b6,0,3_score,6
4663,201900712,b6,0,3_score,6
4664,201900719,b6,0,3_score,6
4665,201900759,b6,1,3_score,6
4666,201900788,b6,0,3_score,6
4667,201900810,b6,3,3_score,6
4668,201900814,b6,2,3_score,6
4669,201900815,b6,0,3_score,6
4670,201900817,b6,1,3_score,6
4671,201900818,b6,3,3_score,6
4672,201900828,b6,3,3_score,6
4673,201900839,b6,0,3_score,6
4674,201900843,b6,0,3_score,6
4675,201900844,b6,0,3_score,6
4676,201900852,b6,1,3_score,6
4677,201900872,b6,0,3_score,6
4678,201900938,b6,0,3_score,6
4679,201900987,b6,3,3_score,6
4680,201900998,b6,0,3_score,6
4681,201901026,b6,0,3_score,6
4682,201901027,b6,0,3_score,6
4683,201901030,b6,0,3_score,6
4684,201901041,b6,0,3_score,6
4685,201901080,b6,0,3_score,6
4686,201901082,b6,1,3_score,6
4687,201901083,b6,0,3_score,6
4688,201901092,b6,0,3_score,6
4689,201901095,b6,2,3_score,6
4690,201901133,b6,2,3_score,6
4691,201901154,b6,0,3_score,6
4692,201901162,b6,1,3_score,6
4693,201901173,b6,2,3_score,6
4694,201901184,b6,0,3_score,6
4695,201901186,b6,0,3_score,6
4696,201901198,b6,0,3_score,6
4697,201901206,b6,0,3_score,6
4698,201901222,b6,0,3_score,6
4699,201901246,b6,7,3_score,6
4700,201901256,b6,1,3_score,6
4701,201901273,b6,0,3_score,6
4702,201901307,b6,0,3_score,6
4703,201901310,b6,0,3_score,6
4704,201901324,b6,0,3_score,6
4705,201901331,b6,0,3_score,6
4706,201901338,b6,2,3_score,6
4707,201901376,b6,0,3_score,6
4708,201901388,b6,0,3_score,6
4709,201901394,b6,0,3_score,6
4710,201901398,b6,0,3_score,6
4711,201901441,b6,0,3_score,6
4712,201901451,b6,0,3_score,6
4713,201901457,b6,0,3_score,6
4714,201901471,b6,0,3_score,6
4715,201901475,b6,0,3_score,6
4716,201901491,b6,2,3_score,6
4717,201901498,b6,0,3_score,6
4718,201901504,b6,1,3_score,6
4719,201901505,b6,0,3_score,6
4720,201901511,b6,0,3_score,6
4721,201901512,b6,1,3_score,6
4722,201901521,b6,0,3_score,6
4723,201901522,b6,0,3_score,6
4724,201901526,b6,0,3_score,6
4725,201901539,b6,0,3_score,6
4726,201901542,b6,0,3_score,6
4727,201901546,b6,0,3_score,6
4728,201901560,b6,1,3_score,6
4729,201901569,b6,0,3_score,6
4730,201901570,b6,3,3_score,6
4731,201901579,b6,1,3_score,6
4732,201901615,b6,5,3_score,6
4733,201901617,b6,1,3_score,6
4734,201901650,b6,0,3_score,6
4735,201901659,b6,0,3_score,6
4736,201901681,b6,0,3_score,6
4737,201901688,b6,1,3_score,6
4738,201901701,b6,1,3_score,6
4739,201901707,b6,5,3_score,6
4740,201901711,b6,1,3_score,6
4741,201901721,b6,3,3_score,6
4742,201901745,b6,1,3_score,6
4743,201901746,b6,0,3_score,6
4744,201901788,b6,1,3_score,6
4745,201901813,b6,1,3_score,6
4746,201901819,b6,0,3_score,6
4747,201901842,b6,0,3_score,6
4748,201901857,b6,0,3_score,6
4749,201901858,b6,0,3_score,6
4750,201901871,b6,0,3_score,6
4751,201901872,b6,0,3_score,6
4752,201901888,b6,3,3_score,6
4753,201901889,b6,0,3_score,6
4754,201901909,b6,2,3_score,6
4755,201901916,b6,4,3_score,6
4756,201901917,b6,0,3_score,6
4757,201901921,b6,1,3_score,6
4758,201901926,b6,0,3_score,6
4759,201901936,b6,0,3_score,6
4760,201901943,b6,0,3_score,6
4761,201901958,b6,0,3_score,6
4762,201901959,b6,0,3_score,6
4763,201901961,b6,0,3_score,6
4764,201901964,b6,2,3_score,6
4765,201901968,b6,0,3_score,6
4766,201901982,b6,0,3_score,6
4767,201901985,b6,1,3_score,6
4768,201901993,b6,0,3_score,6
4769,201902030,b6,0,3_score,6
4770,201902047,b6,4,3_score,6
4771,201902054,b6,0,3_score,6
4772,201902071,b6,0,3_score,6
4773,201902081,b6,0,3_score,6
4774,201902093,b6,0,3_score,6
4775,201902097,b6,0,3_score,6
4776,201902101,b6,0,3_score,6
4777,201902131,b6,0,3_score,6
4778,201902138,b6,3,3_score,6
4779,201902160,b6,0,3_score,6
4780,201902175,b6,0,3_score,6
4781,201902176,b6,4,3_score,6
4782,201902180,b6,0,3_score,6
4783,201902186,b6,3,3_score,6
4784,201902187,b6,3,3_score,6
4785,201902205,b6,3,3_score,6
4786,201902211,b6,0,3_score,6
4787,201902250,b6,0,3_score,6
4788,201902253,b6,3,3_score,6
4789,201902270,b6,2,3_score,6
4790,201902271,b6,0,3_score,6
4791,201902288,b6,0,3_score,6
4792,201902301,b6,1,3_score,6
4793,201902307,b6,3,3_score,6
4794,201902327,b6,3,3_score,6
4795,201902346,b6,0,3_score,6
4796,201902365,b6,0,3_score,6
4797,201902373,b6,1,3_score,6
4798,201902392,b6,0,3_score,6
4799,201902394,b6,4,3_score,6
4800,201900016,b7,0,3_score,7
4801,201900023,b7,3,3_score,7
4802,201900103,b7,2,3_score,7
4803,201900112,b7,1,3_score,7
4804,201900131,b7,0,3_score,7
4805,201900141,b7,3,3_score,7
4806,201900142,b7,1,3_score,7
4807,201900150,b7,0,3_score,7
4808,201900157,b7,0,3_score,7
4809,201900161,b7,2,3_score,7
4810,201900173,b7,0,3_score,7
4811,201900176,b7,0,3_score,7
4812,201900177,b7,1,3_score,7
4813,201900183,b7,2,3_score,7
4814,201900186,b7,0,3_score,7
4815,201900197,b7,1,3_score,7
4816,201900200,b7,1,3_score,7
4817,201900201,b7,2,3_score,7
4818,201900203,b7,2,3_score,7
4819,201900208,b7,0,3_score,7
4820,201900213,b7,1,3_score,7
4821,201900235,b7,2,3_score,7
4822,201900274,b7,0,3_score,7
4823,201900285,b7,0,3_score,7
4824,201900286,b7,0,3_score,7
4825,201900290,b7,0,3_score,7
4826,201900294,b7,2,3_score,7
4827,201900303,b7,3,3_score,7
4828,201900304,b7,1,3_score,7
4829,201900339,b7,0,3_score,7
4830,201900345,b7,0,3_score,7
4831,201900348,b7,3,3_score,7
4832,201900349,b7,0,3_score,7
4833,201900352,b7,1,3_score,7
4834,201900358,b7,0,3_score,7
4835,201900361,b7,1,3_score,7
4836,201900375,b7,1,3_score,7
4837,201900377,b7,0,3_score,7
4838,201900380,b7,0,3_score,7
4839,201900425,b7,0,3_score,7
4840,201900447,b7,2,3_score,7
4841,201900457,b7,0,3_score,7
4842,201900459,b7,0,3_score,7
4843,201900461,b7,2,3_score,7
4844,201900462,b7,2,3_score,7
4845,201900468,b7,2,3_score,7
4846,201900469,b7,0,3_score,7
4847,201900478,b7,0,3_score,7
4848,201900492,b7,0,3_score,7
4849,201900520,b7,0,3_score,7
4850,201900571,b7,1,3_score,7
4851,201900574,b7,0,3_score,7
4852,201900591,b7,2,3_score,7
4853,201900595,b7,5,3_score,7
4854,201900632,b7,0,3_score,7
4855,201900637,b7,0,3_score,7
4856,201900644,b7,0,3_score,7
4857,201900683,b7,2,3_score,7
4858,201900684,b7,0,3_score,7
4859,201900688,b7,0,3_score,7
4860,201900691,b7,2,3_score,7
4861,201900695,b7,1,3_score,7
4862,201900710,b7,2,3_score,7
4863,201900712,b7,2,3_score,7
4864,201900719,b7,1,3_score,7
4865,201900759,b7,0,3_score,7
4866,201900788,b7,1,3_score,7
4867,201900810,b7,1,3_score,7
4868,201900814,b7,4,3_score,7
4869,201900815,b7,0,3_score,7
4870,201900817,b7,2,3_score,7
4871,201900818,b7,4,3_score,7
4872,201900828,b7,1,3_score,7
4873,201900839,b7,2,3_score,7
4874,201900843,b7,0,3_score,7
4875,201900844,b7,0,3_score,7
4876,201900852,b7,2,3_score,7
4877,201900872,b7,0,3_score,7
4878,201900938,b7,3,3_score,7
4879,201900987,b7,0,3_score,7
4880,201900998,b7,0,3_score,7
4881,201901026,b7,2,3_score,7
4882,201901027,b7,3,3_score,7
4883,201901030,b7,0,3_score,7
4884,201901041,b7,0,3_score,7
4885,201901080,b7,0,3_score,7
4886,201901082,b7,0,3_score,7
4887,201901083,b7,2,3_score,7
4888,201901092,b7,0,3_score,7
4889,201901095,b7,0,3_score,7
4890,201901133,b7,1,3_score,7
4891,201901154,b7,0,3_score,7
4892,201901162,b7,2,3_score,7
4893,201901173,b7,0,3_score,7
4894,201901184,b7,1,3_score,7
4895,201901186,b7,1,3_score,7
4896,201901198,b7,2,3_score,7
4897,201901206,b7,1,3_score,7
4898,201901222,b7,1,3_score,7
4899,201901246,b7,0,3_score,7
4900,201901256,b7,2,3_score,7
4901,201901273,b7,0,3_score,7
4902,201901307,b7,2,3_score,7
4903,201901310,b7,2,3_score,7
4904,201901324,b7,1,3_score,7
4905,201901331,b7,1,3_score,7
4906,201901338,b7,0,3_score,7
4907,201901376,b7,1,3_score,7
4908,201901388,b7,2,3_score,7
4909,201901394,b7,2,3_score,7
4910,201901398,b7,0,3_score,7
4911,201901441,b7,0,3_score,7
4912,201901451,b7,1,3_score,7
4913,201901457,b7,0,3_score,7
4914,201901471,b7,0,3_score,7
4915,201901475,b7,0,3_score,7
4916,201901491,b7,0,3_score,7
4917,201901498,b7,0,3_score,7
4918,201901504,b7,0,3_score,7
4919,201901505,b7,0,3_score,7
4920,201901511,b7,0,3_score,7
4921,201901512,b7,0,3_score,7
4922,201901521,b7,0,3_score,7
4923,201901522,b7,0,3_score,7
4924,201901526,b7,0,3_score,7
4925,201901539,b7,0,3_score,7
4926,201901542,b7,0,3_score,7
4927,201901546,b7,1,3_score,7
4928,201901560,b7,4,3_score,7
4929,201901569,b7,0,3_score,7
4930,201901570,b7,0,3_score,7
4931,201901579,b7,0,3_score,7
4932,201901615,b7,0,3_score,7
4933,201901617,b7,1,3_score,7
4934,201901650,b7,1,3_score,7
4935,201901659,b7,1,3_score,7
4936,201901681,b7,1,3_score,7
4937,201901688,b7,0,3_score,7
4938,201901701,b7,0,3_score,7
4939,201901707,b7,0,3_score,7
4940,201901711,b7,0,3_score,7
4941,201901721,b7,0,3_score,7
4942,201901745,b7,6,3_score,7
4943,201901746,b7,2,3_score,7
4944,201901788,b7,2,3_score,7
4945,201901813,b7,0,3_score,7
4946,201901819,b7,0,3_score,7
4947,201901842,b7,0,3_score,7
4948,201901857,b7,0,3_score,7
4949,201901858,b7,6,3_score,7
4950,201901871,b7,0,3_score,7
4951,201901872,b7,0,3_score,7
4952,201901888,b7,0,3_score,7
4953,201901889,b7,0,3_score,7
4954,201901909,b7,0,3_score,7
4955,201901916,b7,0,3_score,7
4956,201901917,b7,0,3_score,7
4957,201901921,b7,0,3_score,7
4958,201901926,b7,1,3_score,7
4959,201901936,b7,3,3_score,7
4960,201901943,b7,0,3_score,7
4961,201901958,b7,0,3_score,7
4962,201901959,b7,0,3_score,7
4963,201901961,b7,0,3_score,7
4964,201901964,b7,0,3_score,7
4965,201901968,b7,4,3_score,7
4966,201901982,b7,1,3_score,7
4967,201901985,b7,0,3_score,7
4968,201901993,b7,3,3_score,7
4969,201902030,b7,3,3_score,7
4970,201902047,b7,0,3_score,7
4971,201902054,b7,0,3_score,7
4972,201902071,b7,0,3_score,7
4973,201902081,b7,2,3_score,7
4974,201902093,b7,1,3_score,7
4975,201902097,b7,2,3_score,7
4976,201902101,b7,0,3_score,7
4977,201902131,b7,0,3_score,7
4978,201902138,b7,3,3_score,7
4979,201902160,b7,0,3_score,7
4980,201902175,b7,0,3_score,7
4981,201902176,b7,0,3_score,7
4982,201902180,b7,0,3_score,7
4983,201902186,b7,0,3_score,7
4984,201902187,b7,0,3_score,7
4985,201902205,b7,0,3_score,7
4986,201902211,b7,1,3_score,7
4987,201902250,b7,0,3_score,7
4988,201902253,b7,5,3_score,7
4989,201902270,b7,0,3_score,7
4990,201902271,b7,0,3_score,7
4991,201902288,b7,0,3_score,7
4992,201902301,b7,1,3_score,7
4993,201902307,b7,0,3_score,7
4994,201902327,b7,1,3_score,7
4995,201902346,b7,0,3_score,7
4996,201902365,b7,0,3_score,7
4997,201902373,b7,0,3_score,7
4998,201902392,b7,0,3_score,7
4999,201902394,b7,0,3_score,7
5000,201900016,b8,4,3_score,8
5001,201900023,b8,1,3_score,8
5002,201900103,b8,0,3_score,8
5003,201900112,b8,0,3_score,8
5004,201900131,b8,1,3_score,8
5005,201900141,b8,0,3_score,8
5006,201900142,b8,0,3_score,8
5007,201900150,b8,1,3_score,8
5008,201900157,b8,3,3_score,8
5009,201900161,b8,0,3_score,8
5010,201900173,b8,0,3_score,8
5011,201900176,b8,0,3_score,8
5012,201900177,b8,1,3_score,8
5013,201900183,b8,0,3_score,8
5014,201900186,b8,1,3_score,8
5015,201900197,b8,1,3_score,8
5016,201900200,b8,0,3_score,8
5017,201900201,b8,0,3_score,8
5018,201900203,b8,0,3_score,8
5019,201900208,b8,0,3_score,8
5020,201900213,b8,0,3_score,8
5021,201900235,b8,0,3_score,8
5022,201900274,b8,0,3_score,8
5023,201900285,b8,3,3_score,8
5024,201900286,b8,0,3_score,8
5025,201900290,b8,0,3_score,8
5026,201900294,b8,0,3_score,8
5027,201900303,b8,0,3_score,8
5028,201900304,b8,0,3_score,8
5029,201900339,b8,0,3_score,8
5030,201900345,b8,2,3_score,8
5031,201900348,b8,3,3_score,8
5032,201900349,b8,0,3_score,8
5033,201900352,b8,1,3_score,8
5034,201900358,b8,3,3_score,8
5035,201900361,b8,0,3_score,8
5036,201900375,b8,0,3_score,8
5037,201900377,b8,1,3_score,8
5038,201900380,b8,0,3_score,8
5039,201900425,b8,1,3_score,8
5040,201900447,b8,1,3_score,8
5041,201900457,b8,0,3_score,8
5042,201900459,b8,0,3_score,8
5043,201900461,b8,1,3_score,8
5044,201900462,b8,0,3_score,8
5045,201900468,b8,0,3_score,8
5046,201900469,b8,0,3_score,8
5047,201900478,b8,4,3_score,8
5048,201900492,b8,7,3_score,8
5049,201900520,b8,0,3_score,8
5050,201900571,b8,2,3_score,8
5051,201900574,b8,0,3_score,8
5052,201900591,b8,0,3_score,8
5053,201900595,b8,2,3_score,8
5054,201900632,b8,0,3_score,8
5055,201900637,b8,1,3_score,8
5056,201900644,b8,1,3_score,8
5057,201900683,b8,0,3_score,8
5058,201900684,b8,1,3_score,8
5059,201900688,b8,2,3_score,8
5060,201900691,b8,0,3_score,8
5061,201900695,b8,0,3_score,8
5062,201900710,b8,0,3_score,8
5063,201900712,b8,2,3_score,8
5064,201900719,b8,0,3_score,8
5065,201900759,b8,0,3_score,8
5066,201900788,b8,1,3_score,8
5067,201900810,b8,0,3_score,8
5068,201900814,b8,0,3_score,8
5069,201900815,b8,1,3_score,8
5070,201900817,b8,0,3_score,8
5071,201900818,b8,0,3_score,8
5072,201900828,b8,0,3_score,8
5073,201900839,b8,1,3_score,8
5074,201900843,b8,0,3_score,8
5075,201900844,b8,2,3_score,8
5076,201900852,b8,0,3_score,8
5077,201900872,b8,0,3_score,8
5078,201900938,b8,0,3_score,8
5079,201900987,b8,0,3_score,8
5080,201900998,b8,1,3_score,8
5081,201901026,b8,1,3_score,8
5082,201901027,b8,3,3_score,8
5083,201901030,b8,4,3_score,8
5084,201901041,b8,0,3_score,8
5085,201901080,b8,1,3_score,8
5086,201901082,b8,2,3_score,8
5087,201901083,b8,3,3_score,8
5088,201901092,b8,0,3_score,8
5089,201901095,b8,0,3_score,8
5090,201901133,b8,2,3_score,8
5091,201901154,b8,0,3_score,8
5092,201901162,b8,0,3_score,8
5093,201901173,b8,0,3_score,8
5094,201901184,b8,0,3_score,8
5095,201901186,b8,0,3_score,8
5096,201901198,b8,0,3_score,8
5097,201901206,b8,0,3_score,8
5098,201901222,b8,3,3_score,8
5099,201901246,b8,2,3_score,8
5100,201901256,b8,4,3_score,8
5101,201901273,b8,0,3_score,8
5102,201901307,b8,0,3_score,8
5103,201901310,b8,0,3_score,8
5104,201901324,b8,2,3_score,8
5105,201901331,b8,6,3_score,8
5106,201901338,b8,1,3_score,8
5107,201901376,b8,0,3_score,8
5108,201901388,b8,0,3_score,8
5109,201901394,b8,5,3_score,8
5110,201901398,b8,0,3_score,8
5111,201901441,b8,3,3_score,8
5112,201901451,b8,1,3_score,8
5113,201901457,b8,0,3_score,8
5114,201901471,b8,0,3_score,8
5115,201901475,b8,1,3_score,8
5116,201901491,b8,1,3_score,8
5117,201901498,b8,0,3_score,8
5118,201901504,b8,3,3_score,8
5119,201901505,b8,0,3_score,8
5120,201901511,b8,1,3_score,8
5121,201901512,b8,0,3_score,8
5122,201901521,b8,2,3_score,8
5123,201901522,b8,0,3_score,8
5124,201901526,b8,1,3_score,8
5125,201901539,b8,0,3_score,8
5126,201901542,b8,0,3_score,8
5127,201901546,b8,0,3_score,8
5128,201901560,b8,0,3_score,8
5129,201901569,b8,0,3_score,8
5130,201901570,b8,0,3_score,8
5131,201901579,b8,0,3_score,8
5132,201901615,b8,0,3_score,8
5133,201901617,b8,2,3_score,8
5134,201901650,b8,2,3_score,8
5135,201901659,b8,3,3_score,8
5136,201901681,b8,1,3_score,8
5137,201901688,b8,0,3_score,8
5138,201901701,b8,2,3_score,8
5139,201901707,b8,0,3_score,8
5140,201901711,b8,0,3_score,8
5141,201901721,b8,0,3_score,8
5142,201901745,b8,0,3_score,8
5143,201901746,b8,1,3_score,8
5144,201901788,b8,0,3_score,8
5145,201901813,b8,1,3_score,8
5146,201901819,b8,4,3_score,8
5147,201901842,b8,1,3_score,8
5148,201901857,b8,3,3_score,8
5149,201901858,b8,1,3_score,8
5150,201901871,b8,0,3_score,8
5151,201901872,b8,0,3_score,8
5152,201901888,b8,0,3_score,8
5153,201901889,b8,0,3_score,8
5154,201901909,b8,0,3_score,8
5155,201901916,b8,0,3_score,8
5156,201901917,b8,1,3_score,8
5157,201901921,b8,1,3_score,8
5158,201901926,b8,0,3_score,8
5159,201901936,b8,0,3_score,8
5160,201901943,b8,0,3_score,8
5161,201901958,b8,0,3_score,8
5162,201901959,b8,1,3_score,8
5163,201901961,b8,0,3_score,8
5164,201901964,b8,1,3_score,8
5165,201901968,b8,0,3_score,8
5166,201901982,b8,0,3_score,8
5167,201901985,b8,1,3_score,8
5168,201901993,b8,0,3_score,8
5169,201902030,b8,0,3_score,8
5170,201902047,b8,0,3_score,8
5171,201902054,b8,0,3_score,8
5172,201902071,b8,0,3_score,8
5173,201902081,b8,0,3_score,8
5174,201902093,b8,0,3_score,8
5175,201902097,b8,0,3_score,8
5176,201902101,b8,1,3_score,8
5177,201902131,b8,0,3_score,8
5178,201902138,b8,0,3_score,8
5179,201902160,b8,0,3_score,8
5180,201902175,b8,0,3_score,8
5181,201902176,b8,0,3_score,8
5182,201902180,b8,0,3_score,8
5183,201902186,b8,0,3_score,8
5184,201902187,b8,0,3_score,8
5185,201902205,b8,0,3_score,8
5186,201902211,b8,0,3_score,8
5187,201902250,b8,0,3_score,8
5188,201902253,b8,2,3_score,8
5189,201902270,b8,0,3_score,8
5190,201902271,b8,0,3_score,8
5191,201902288,b8,7,3_score,8
5192,201902301,b8,0,3_score,8
5193,201902307,b8,0,3_score,8
5194,201902327,b8,0,3_score,8
5195,201902346,b8,0,3_score,8
5196,201902365,b8,0,3_score,8
5197,201902373,b8,0,3_score,8
5198,201902392,b8,2,3_score,8
5199,201902394,b8,0,3_score,8
5200,201900016,b9,2,3_score,9
5201,201900023,b9,0,3_score,9
5202,201900103,b9,1,3_score,9
5203,201900112,b9,0,3_score,9
5204,201900131,b9,0,3_score,9
5205,201900141,b9,0,3_score,9
5206,201900142,b9,0,3_score,9
5207,201900150,b9,0,3_score,9
5208,201900157,b9,4,3_score,9
5209,201900161,b9,0,3_score,9
5210,201900173,b9,0,3_score,9
5211,201900176,b9,1,3_score,9
5212,201900177,b9,2,3_score,9
5213,201900183,b9,0,3_score,9
5214,201900186,b9,0,3_score,9
5215,201900197,b9,1,3_score,9
5216,201900200,b9,0,3_score,9
5217,201900201,b9,3,3_score,9
5218,201900203,b9,0,3_score,9
5219,201900208,b9,0,3_score,9
5220,201900213,b9,0,3_score,9
5221,201900235,b9,0,3_score,9
5222,201900274,b9,0,3_score,9
5223,201900285,b9,0,3_score,9
5224,201900286,b9,0,3_score,9
5225,201900290,b9,0,3_score,9
5226,201900294,b9,5,3_score,9
5227,201900303,b9,1,3_score,9
5228,201900304,b9,0,3_score,9
5229,201900339,b9,0,3_score,9
5230,201900345,b9,0,3_score,9
5231,201900348,b9,0,3_score,9
5232,201900349,b9,1,3_score,9
5233,201900352,b9,0,3_score,9
5234,201900358,b9,2,3_score,9
5235,201900361,b9,0,3_score,9
5236,201900375,b9,2,3_score,9
5237,201900377,b9,0,3_score,9
5238,201900380,b9,2,3_score,9
5239,201900425,b9,0,3_score,9
5240,201900447,b9,0,3_score,9
5241,201900457,b9,0,3_score,9
5242,201900459,b9,2,3_score,9
5243,201900461,b9,0,3_score,9
5244,201900462,b9,0,3_score,9
5245,201900468,b9,1,3_score,9
5246,201900469,b9,0,3_score,9
5247,201900478,b9,0,3_score,9
5248,201900492,b9,0,3_score,9
5249,201900520,b9,0,3_score,9
5250,201900571,b9,1,3_score,9
5251,201900574,b9,1,3_score,9
5252,201900591,b9,0,3_score,9
5253,201900595,b9,0,3_score,9
5254,201900632,b9,1,3_score,9
5255,201900637,b9,1,3_score,9
5256,201900644,b9,0,3_score,9
5257,201900683,b9,2,3_score,9
5258,201900684,b9,0,3_score,9
5259,201900688,b9,2,3_score,9
5260,201900691,b9,2,3_score,9
5261,201900695,b9,2,3_score,9
5262,201900710,b9,0,3_score,9
5263,201900712,b9,0,3_score,9
5264,201900719,b9,0,3_score,9
5265,201900759,b9,0,3_score,9
5266,201900788,b9,0,3_score,9
5267,201900810,b9,0,3_score,9
5268,201900814,b9,0,3_score,9
5269,201900815,b9,2,3_score,9
5270,201900817,b9,0,3_score,9
5271,201900818,b9,0,3_score,9
5272,201900828,b9,0,3_score,9
5273,201900839,b9,0,3_score,9
5274,201900843,b9,2,3_score,9
5275,201900844,b9,0,3_score,9
5276,201900852,b9,1,3_score,9
5277,201900872,b9,0,3_score,9
5278,201900938,b9,1,3_score,9
5279,201900987,b9,0,3_score,9
5280,201900998,b9,0,3_score,9
5281,201901026,b9,0,3_score,9
5282,201901027,b9,0,3_score,9
5283,201901030,b9,1,3_score,9
5284,201901041,b9,2,3_score,9
5285,201901080,b9,0,3_score,9
5286,201901082,b9,0,3_score,9
5287,201901083,b9,0,3_score,9
5288,201901092,b9,2,3_score,9
5289,201901095,b9,0,3_score,9
5290,201901133,b9,0,3_score,9
5291,201901154,b9,0,3_score,9
5292,201901162,b9,0,3_score,9
5293,201901173,b9,0,3_score,9
5294,201901184,b9,2,3_score,9
5295,201901186,b9,0,3_score,9
5296,201901198,b9,1,3_score,9
5297,201901206,b9,0,3_score,9
5298,201901222,b9,0,3_score,9
5299,201901246,b9,1,3_score,9
5300,201901256,b9,0,3_score,9
5301,201901273,b9,6,3_score,9
5302,201901307,b9,2,3_score,9
5303,201901310,b9,1,3_score,9
5304,201901324,b9,0,3_score,9
5305,201901331,b9,0,3_score,9
5306,201901338,b9,1,3_score,9
5307,201901376,b9,0,3_score,9
5308,201901388,b9,0,3_score,9
5309,201901394,b9,2,3_score,9
5310,201901398,b9,3,3_score,9
5311,201901441,b9,0,3_score,9
5312,201901451,b9,3,3_score,9
5313,201901457,b9,4,3_score,9
5314,201901471,b9,1,3_score,9
5315,201901475,b9,0,3_score,9
5316,201901491,b9,0,3_score,9
5317,201901498,b9,0,3_score,9
5318,201901504,b9,0,3_score,9
5319,201901505,b9,0,3_score,9
5320,201901511,b9,0,3_score,9
5321,201901512,b9,0,3_score,9
5322,201901521,b9,0,3_score,9
5323,201901522,b9,1,3_score,9
5324,201901526,b9,0,3_score,9
5325,201901539,b9,2,3_score,9
5326,201901542,b9,6,3_score,9
5327,201901546,b9,0,3_score,9
5328,201901560,b9,0,3_score,9
5329,201901569,b9,0,3_score,9
5330,201901570,b9,1,3_score,9
5331,201901579,b9,2,3_score,9
5332,201901615,b9,0,3_score,9
5333,201901617,b9,0,3_score,9
5334,201901650,b9,3,3_score,9
5335,201901659,b9,1,3_score,9
5336,201901681,b9,1,3_score,9
5337,201901688,b9,1,3_score,9
5338,201901701,b9,2,3_score,9
5339,201901707,b9,3,3_score,9
5340,201901711,b9,0,3_score,9
5341,201901721,b9,0,3_score,9
5342,201901745,b9,3,3_score,9
5343,201901746,b9,2,3_score,9
5344,201901788,b9,0,3_score,9
5345,201901813,b9,0,3_score,9
5346,201901819,b9,0,3_score,9
5347,201901842,b9,2,3_score,9
5348,201901857,b9,0,3_score,9
5349,201901858,b9,1,3_score,9
5350,201901871,b9,2,3_score,9
5351,201901872,b9,0,3_score,9
5352,201901888,b9,0,3_score,9
5353,201901889,b9,0,3_score,9
5354,201901909,b9,1,3_score,9
5355,201901916,b9,0,3_score,9
5356,201901917,b9,0,3_score,9
5357,201901921,b9,1,3_score,9
5358,201901926,b9,1,3_score,9
5359,201901936,b9,0,3_score,9
5360,201901943,b9,0,3_score,9
5361,201901958,b9,1,3_score,9
5362,201901959,b9,1,3_score,9
5363,201901961,b9,0,3_score,9
5364,201901964,b9,0,3_score,9
5365,201901968,b9,0,3_score,9
5366,201901982,b9,1,3_score,9
5367,201901985,b9,1,3_score,9
5368,201901993,b9,0,3_score,9
5369,201902030,b9,1,3_score,9
5370,201902047,b9,1,3_score,9
5371,201902054,b9,0,3_score,9
5372,201902071,b9,2,3_score,9
5373,201902081,b9,0,3_score,9
5374,201902093,b9,0,3_score,9
5375,201902097,b9,1,3_score,9
5376,201902101,b9,0,3_score,9
5377,201902131,b9,0,3_score,9
5378,201902138,b9,0,3_score,9
5379,201902160,b9,0,3_score,9
5380,201902175,b9,2,3_score,9
5381,201902176,b9,0,3_score,9
5382,201902180,b9,1,3_score,9
5383,201902186,b9,1,3_score,9
5384,201902187,b9,0,3_score,9
5385,201902205,b9,4,3_score,9
5386,201902211,b9,1,3_score,9
5387,201902250,b9,0,3_score,9
5388,201902253,b9,0,3_score,9
5389,201902270,b9,0,3_score,9
5390,201902271,b9,0,3_score,9
5391,201902288,b9,0,3_score,9
5392,201902301,b9,0,3_score,9
5393,201902307,b9,7,3_score,9
5394,201902327,b9,0,3_score,9
5395,201902346,b9,1,3_score,9
5396,201902365,b9,2,3_score,9
5397,201902373,b9,0,3_score,9
5398,201902392,b9,1,3_score,9
5399,201902394,b9,1,3_score,9
